Code commit 89263038; command: node --test web/static/js/megaron/main.test.mjs web/static/js/megaron/render/camera.test.mjs web/static/js/megaron/render/founding_inline.test.mjs web/static/js/megaron/render/host_simple.test.mjs web/static/js/megaron/render/inspect_simple.test.mjs web/static/js/megaron/render/map.test.mjs web/static/js/megaron/render/memory.test.mjs web/static/js/megaron/render/sight.test.mjs web/static/js/megaron/ui/account_window.test.mjs web/static/js/megaron/ui/carrier_fate.test.mjs web/static/js/megaron/ui/chips.test.mjs web/static/js/megaron/ui/chips_dismiss.test.mjs web/static/js/megaron/ui/chips_hydrate.test.mjs web/static/js/megaron/ui/citygrid.test.mjs web/static/js/megaron/ui/codex.test.mjs web/static/js/megaron/ui/diagnostics.test.mjs web/static/js/megaron/ui/dispatch_window.test.mjs web/static/js/megaron/ui/drawers/cargo.test.mjs web/static/js/megaron/ui/drawers/city.test.mjs web/static/js/megaron/ui/drawers/city_production.test.mjs web/static/js/megaron/ui/drawers/diplomacy_goods_select.test.mjs web/static/js/megaron/ui/drawers/diplomacy_outbox.test.mjs web/static/js/megaron/ui/drawers/diplomacy_simple.test.mjs web/static/js/megaron/ui/drawers/economy.test.mjs web/static/js/megaron/ui/drawers/economy_city.test.mjs web/static/js/megaron/ui/drawers/economy_id.test.mjs web/static/js/megaron/ui/drawers/economy_rows.test.mjs web/static/js/megaron/ui/drawers/gossip.test.mjs web/static/js/megaron/ui/drawers/inline_handlers.test.mjs web/static/js/megaron/ui/drawers/kult.test.mjs web/static/js/megaron/ui/drawers/kult_kharis.test.mjs web/static/js/megaron/ui/drawers/notif.test.mjs web/static/js/megaron/ui/drawers/notif_simple.test.mjs web/static/js/megaron/ui/drawers/report.test.mjs web/static/js/megaron/ui/drawers/sitos_view.test.mjs web/static/js/megaron/ui/drawers/trade_schedule.test.mjs web/static/js/megaron/ui/expedition.test.mjs web/static/js/megaron/ui/fmt_num.test.mjs web/static/js/megaron/ui/format.test.mjs web/static/js/megaron/ui/gifts.test.mjs web/static/js/megaron/ui/hover.test.mjs web/static/js/megaron/ui/inline_result.test.mjs web/static/js/megaron/ui/march_preview.test.mjs web/static/js/megaron/ui/marchctx.test.mjs web/static/js/megaron/ui/misc.test.mjs web/static/js/megaron/ui/movements.test.mjs web/static/js/megaron/ui/recall_all.test.mjs web/static/js/megaron/ui/retreat.test.mjs web/static/js/megaron/ui/runner_status.test.mjs web/static/js/megaron/ui/search.test.mjs web/static/js/megaron/ui/search_import.test.mjs web/static/js/megaron/ui/search_messages.test.mjs web/static/js/megaron/ui/sfx.test.mjs web/static/js/megaron/ui/stance.test.mjs web/static/js/megaron/ui/time.test.mjs web/static/js/megaron/ui/war_cards.test.mjs
TAP version 13
# Subtest: AK1: main.js importeras (bakgrunds-bootstrap misslyckas tyst mot en stubbad 401) utan att krascha
ok 1 - AK1: main.js importeras (bakgrunds-bootstrap misslyckas tyst mot en stubbad 401) utan att krascha
  ---
  duration_ms: 3.901369
  type: 'test'
  ...
# Subtest: AK2: att öppna EN GODTYCKLIG drawer stänger inspect-panelen och nollställer State.selectedHex
ok 2 - AK2: att öppna EN GODTYCKLIG drawer stänger inspect-panelen och nollställer State.selectedHex
  ---
  duration_ms: 0.454148
  type: 'test'
  ...
# Subtest: AK3: drawer-chrome öppnas som vanligt — closeInspect stör inte den normala vägen
ok 3 - AK3: drawer-chrome öppnas som vanligt — closeInspect stör inte den normala vägen
  ---
  duration_ms: 0.19933
  type: 'test'
  ...
# Subtest: AK4: stänger man drawern igen kommer panelen INTE tillbaka (den var riktigt stängd, inte bara dold bakom z-index)
ok 4 - AK4: stänger man drawern igen kommer panelen INTE tillbaka (den var riktigt stängd, inte bara dold bakom z-index)
  ---
  duration_ms: 0.179412
  type: 'test'
  ...
# Subtest: AK1: at ZOOM_MIN, a further zoom-out step leaves camera bit-identical
ok 5 - AK1: at ZOOM_MIN, a further zoom-out step leaves camera bit-identical
  ---
  duration_ms: 2.292649
  type: 'test'
  ...
# Subtest: AK2: at ZOOM_MAX, a further zoom-in step leaves camera bit-identical
ok 6 - AK2: at ZOOM_MAX, a further zoom-in step leaves camera bit-identical
  ---
  duration_ms: 0.258461
  type: 'test'
  ...
# Subtest: AK3 (regression): an unclamped step matches the pre-fix arithmetic exactly
ok 7 - AK3 (regression): an unclamped step matches the pre-fix arithmetic exactly
  ---
  duration_ms: 0.157991
  type: 'test'
  ...
# Subtest: AK4: a partially-clamped step translates by the EFFECTIVE factor, not the requested one
ok 8 - AK4: a partially-clamped step translates by the EFFECTIVE factor, not the requested one
  ---
  duration_ms: 0.185114
  type: 'test'
  ...
# Subtest: clampZoom bounds
ok 9 - clampZoom bounds
  ---
  duration_ms: 0.199052
  type: 'test'
  ...
# Subtest: PAN1: a camera already inside the world is left exactly where it was
ok 10 - PAN1: a camera already inside the world is left exactly where it was
  ---
  duration_ms: 0.191423
  type: 'test'
  ...
# Subtest: PAN2: panning past the near edge stops at the margin, not at infinity
ok 11 - PAN2: panning past the near edge stops at the margin, not at infinity
  ---
  duration_ms: 0.238788
  type: 'test'
  ...
# Subtest: PAN3: panning past the far edge stops there too
ok 12 - PAN3: panning past the far edge stops there too
  ---
  duration_ms: 0.2366
  type: 'test'
  ...
# Subtest: PAN4: the margin is in WORLD units — it scales with zoom, it is not a pixel frame
ok 13 - PAN4: the margin is in WORLD units — it scales with zoom, it is not a pixel frame
  ---
  duration_ms: 0.396526
  type: 'test'
  ...
# Subtest: PAN5: a world smaller than the viewport is centred, not shoved into a corner
ok 14 - PAN5: a world smaller than the viewport is centred, not shoved into a corner
  ---
  duration_ms: 0.445699
  type: 'test'
  ...
# Subtest: PAN6: an unloaded world (null bounds) leaves the camera untouched
ok 15 - PAN6: an unloaded world (null bounds) leaves the camera untouched
  ---
  duration_ms: 0.273409
  type: 'test'
  ...
# Subtest: PAN7: both axes are clamped — a bound on x only is not a bound
ok 16 - PAN7: both axes are clamped — a bound on x only is not a bound
  ---
  duration_ms: 0.124025
  type: 'test'
  ...
# Subtest: Founding actual map click: opening/cancel never sends; confirmed request is single and retains body/reload
ok 17 - Founding actual map click: opening/cancel never sends; confirmed request is single and retains body/reload
  ---
  duration_ms: 56.227412
  type: 'test'
  ...
# Subtest: Founding actual handler: server and network errors stay inline and allow retry
ok 18 - Founding actual handler: server and network errors stay inline and allow retry
  ---
  duration_ms: 4.32265
  type: 'test'
  ...
# Subtest: Q actual Host: only site assessment is primary and all existing detail stays in one closed Details
ok 19 - Q actual Host: only site assessment is primary and all existing detail stays in one closed Details
  ---
  duration_ms: 44.197086
  type: 'test'
  ...
# Subtest: Q actual Host: unrounded net and raw goods, not carried stocks or a new food formula, decide yes/no
ok 20 - Q actual Host: unrounded net and raw goods, not carried stocks or a new food formula, decide yes/no
  ---
  duration_ms: 5.871265
  type: 'test'
  ...
# Subtest: Q actual Host: produces restores on another hex and late forecast cannot overwrite that panel
ok 21 - Q actual Host: produces restores on another hex and late forecast cannot overwrite that panel
  ---
  duration_ms: 2.979585
  type: 'test'
  ...
# Subtest: Q actual Host: archived real colonize-preview with timber 8 must show Timber yes
ok 22 - Q actual Host: archived real colonize-preview with timber 8 must show Timber yes
  ---
  duration_ms: 3.008106
  type: 'test'
  ...
# Subtest: L actual inspect: owner and qualitative defence replace Culture/Walls/DP, actions keep IDs
ok 23 - L actual inspect: owner and qualitative defence replace Culture/Walls/DP, actions keep IDs
  ---
  duration_ms: 34.05361
  type: 'test'
  ...
# Subtest: L actual inspect: fog never exposes marker/army and late army reply cannot update a different panel
ok 24 - L actual inspect: fog never exposes marker/army and late army reply cannot update a different panel
  ---
  duration_ms: 2.260453
  type: 'test'
  ...
# Subtest: L actual Host: food and escort pay durations use exact game days in words, never wall time
ok 25 - L actual Host: food and escort pay durations use exact game days in words, never wall time
  ---
  duration_ms: 19.012313
  type: 'test'
  ...
# Subtest: workedHexesFromRoster: one marker per hex, dedup across gubbar/goods
ok 26 - workedHexesFromRoster: one marker per hex, dedup across gubbar/goods
  ---
  duration_ms: 1.898773
  type: 'test'
  ...
# Subtest: workedHexesFromRoster: spans settlements and tolerates empty/missing
ok 27 - workedHexesFromRoster: spans settlements and tolerates empty/missing
  ---
  duration_ms: 0.326211
  type: 'test'
  ...
# Subtest: catchment offsets cover the full radius-2 disc (19 hexes), not 7
ok 28 - catchment offsets cover the full radius-2 disc (19 hexes), not 7
  ---
  duration_ms: 0.448964
  type: 'test'
  ...
# Subtest: AK1: import does not touch DOM/window before this point (proven by reaching here)
ok 29 - AK1: import does not touch DOM/window before this point (proven by reaching here)
  ---
  duration_ms: 0.145254
  type: 'test'
  ...
# Subtest: AK2: panDelta normalizes a diagonal so W+D is not sqrt(2)x faster than one direction
ok 30 - AK2: panDelta normalizes a diagonal so W+D is not sqrt(2)x faster than one direction
  ---
  duration_ms: 0.231293
  type: 'test'
  ...
# Subtest: AK3: no keys held means no movement
ok 31 - AK3: no keys held means no movement
  ---
  duration_ms: 0.154411
  type: 'test'
  ...
# Subtest: messengerLegPosition: no leg set → null (today's flat interpolation applies)
ok 32 - messengerLegPosition: no leg set → null (today's flat interpolation applies)
  ---
  duration_ms: 0.294833
  type: 'test'
  ...
# Subtest: messengerLegPosition: to_port walks from origin to the port over the leg window
ok 33 - messengerLegPosition: to_port walks from origin to the port over the leg window
  ---
  duration_ms: 0.561372
  type: 'test'
  ...
# Subtest: messengerLegPosition: waiting stands still at the port
ok 34 - messengerLegPosition: waiting stands still at the port
  ---
  duration_ms: 0.387744
  type: 'test'
  ...
# Subtest: messengerLegPosition: sealed stands still at the port
ok 35 - messengerLegPosition: sealed stands still at the port
  ---
  duration_ms: 0.467115
  type: 'test'
  ...
# Subtest: messengerLegPosition: ashore walks from the disembark point to the true target
ok 36 - messengerLegPosition: ashore walks from the disembark point to the true target
  ---
  duration_ms: 0.275149
  type: 'test'
  ...
# Subtest: messengerLegPosition: aboard draws on a located carrier unit, ignoring the reserve leg
ok 37 - messengerLegPosition: aboard draws on a located carrier unit, ignoring the reserve leg
  ---
  duration_ms: 0.221171
  type: 'test'
  ...
# Subtest: messengerLegPosition: aboard draws on a located /trades transport when no unit matches
ok 38 - messengerLegPosition: aboard draws on a located /trades transport when no unit matches
  ---
  duration_ms: 0.263076
  type: 'test'
  ...
# Subtest: messengerLegPosition: aboard falls back to the server's reserve leg when no carrier is found client-side
ok 39 - messengerLegPosition: aboard falls back to the server's reserve leg when no carrier is found client-side
  ---
  duration_ms: 0.136434
  type: 'test'
  ...
# Subtest: only remembered hexes are desaturated; live, fog and absent tier stay untouched
ok 40 - only remembered hexes are desaturated; live, fog and absent tier stay untouched
  ---
  duration_ms: 2.115959
  type: 'test'
  ...
# Subtest: frontier spans are integer device pixels and clipped to viewport at fractional zoom
ok 41 - frontier spans are integer device pixels and clipped to viewport at fractional zoom
  ---
  duration_ms: 0.295384
  type: 'test'
  ...
# Subtest: empty memory makes no canvas change; failures restore canvas state
ok 42 - empty memory makes no canvas change; failures restore canvas state
  ---
  duration_ms: 0.552576
  type: 'test'
  ...
# Subtest: camera transform determines device pixel mask, including zoom and pan
ok 43 - camera transform determines device pixel mask, including zoom and pan
  ---
  duration_ms: 0.387409
  type: 'test'
  ...
# Subtest: enclosed lake behind the shore is not previewed (acceptance world (28,18))
ok 44 - enclosed lake behind the shore is not previewed (acceptance world (28,18))
  ---
  duration_ms: 5.754267
  type: 'test'
  ...
# Subtest: one land hex on the line blocks; open water reaches 4
ok 45 - one land hex on the line blocks; open water reaches 4
  ---
  duration_ms: 1.731081
  type: 'test'
  ...
# Subtest: fog between eye and sea blocks (never over-draw)
ok 46 - fog between eye and sea blocks (never over-draw)
  ---
  duration_ms: 0.229555
  type: 'test'
  ...
# Subtest: edge tie holds if either side is sea
ok 47 - edge tie holds if either side is sea
  ---
  duration_ms: 1.906819
  type: 'test'
  ...
# Subtest: chat disabled: no password action and no password POST
ok 48 - chat disabled: no password action and no password POST
  ---
  duration_ms: 35.31219
  type: 'test'
  ...
# Subtest: chat pending: no password action and no password POST
ok 49 - chat pending: no password action and no password POST
  ---
  duration_ms: 1.401224
  type: 'test'
  ...
# Subtest: chat provisioning: no password action and no password POST
ok 50 - chat provisioning: no password action and no password POST
  ---
  duration_ms: 2.359874
  type: 'test'
  ...
# Subtest: ready: only an explicit click requests a password; close erases it
ok 51 - ready: only an explicit click requests a password; close erases it
  ---
  duration_ms: 1.801359
  type: 'test'
  ...
# Subtest: close/reopen during password request discards the late secret
ok 52 - close/reopen during password request discards the late secret
  ---
  duration_ms: 2.443221
  type: 'test'
  ...
# Subtest: another request clears the first secret immediately; errors bypass diagnostics
ok 53 - another request clears the first secret immediately; errors bypass diagnostics
  ---
  duration_ms: 3.249804
  type: 'test'
  ...
# Subtest: sign out clears the displayed secret before navigation
ok 54 - sign out clears the displayed secret before navigation
  ---
  duration_ms: 1.996898
  type: 'test'
  ...
# Subtest: agora_ready dispatch opens Account rather than toggling an already open window
ok 55 - agora_ready dispatch opens Account rather than toggling an already open window
  ---
  duration_ms: 3.553134
  type: 'test'
  ...
# Subtest: ReadyRenderedLinkUsesConfiguredHomeserver
ok 56 - ReadyRenderedLinkUsesConfiguredHomeserver
  ---
  duration_ms: 1.339011
  type: 'test'
  ...
# Subtest: T2: loss dispatch renders the WHOLE frozen sealed letter and endpoints
ok 57 - T2: loss dispatch renders the WHOLE frozen sealed letter and endpoints
  ---
  duration_ms: 2.508025
  type: 'test'
  ...
# Subtest: T2: full trade and unit order terms survive rendering, including long contents
ok 58 - T2: full trade and unit order terms survive rendering, including long contents
  ---
  duration_ms: 0.362515
  type: 'test'
  ...
# Subtest: T2: rescue report names frozen ship and actual port after home return
ok 59 - T2: rescue report names frozen ship and actual port after home return
  ---
  duration_ms: 0.217776
  type: 'test'
  ...
# Subtest: T2: actual archived messenger_lost_trade.json preserves every sealed parameter
ok 60 - T2: actual archived messenger_lost_trade.json preserves every sealed parameter
  ---
  duration_ms: 0.31499
  type: 'test'
  ...
# Subtest: T2: actual archived messenger_lost_order.json preserves every sealed parameter
ok 61 - T2: actual archived messenger_lost_order.json preserves every sealed parameter
  ---
  duration_ms: 0.501254
  type: 'test'
  ...
# Subtest: AK1: import does not touch DOM/window before this point (proven by reaching here)
ok 62 - AK1: import does not touch DOM/window before this point (proven by reaching here)
  ---
  duration_ms: 0.915562
  type: 'test'
  ...
# Subtest: AK2: a positive count shows the number and reveals the badge
ok 63 - AK2: a positive count shows the number and reveals the badge
  ---
  duration_ms: 0.230292
  type: 'test'
  ...
# Subtest: AK3: a count over 99 caps the label at "99+"
ok 64 - AK3: a count over 99 caps the label at "99+"
  ---
  duration_ms: 0.121058
  type: 'test'
  ...
# Subtest: AK4: zero hides the badge
ok 65 - AK4: zero hides the badge
  ---
  duration_ms: 0.175484
  type: 'test'
  ...
# Subtest: urgencyTier: colour follows the server level, not the domain (Timothy 2026-09-25)
ok 66 - urgencyTier: colour follows the server level, not the domain (Timothy 2026-09-25)
  ---
  duration_ms: 1.483701
  type: 'test'
  ...
# Subtest: AK1: chips.js importeras utan att röra DOM/window före denna punkt
ok 67 - AK1: chips.js importeras utan att röra DOM/window före denna punkt
  ---
  duration_ms: 1.239456
  type: 'test'
  ...
# Subtest: AK2: "✕ all" är dold under 3 chips
ok 68 - AK2: "✕ all" är dold under 3 chips
  ---
  duration_ms: 1.934184
  type: 'test'
  ...
# Subtest: AK3: "✕ all" dyker upp vid exakt 3 chips (DISMISS_ALL_FROM)
ok 69 - AK3: "✕ all" dyker upp vid exakt 3 chips (DISMISS_ALL_FROM)
  ---
  duration_ms: 0.316159
  type: 'test'
  ...
# Subtest: AK4: dismissAllChips märker varje aktivt chip som "dismissing" utan nätverksanrop för chip utan id
ok 70 - AK4: dismissAllChips märker varje aktivt chip som "dismissing" utan nätverksanrop för chip utan id
  ---
  duration_ms: 0.253457
  type: 'test'
  ...
# Subtest: AK5: när animationen är klar försvinner chippen och "✕ all" göms igen under tröskeln
ok 71 - AK5: när animationen är klar försvinner chippen och "✕ all" göms igen under tröskeln
  ---
  duration_ms: 0.280462
  type: 'test'
  ...
# Subtest: AK6: ett chip som bär notis-id markerar SIN egen arkivrad läst vid avfärdande — POST .../read, aldrig DELETE
ok 72 - AK6: ett chip som bär notis-id markerar SIN egen arkivrad läst vid avfärdande — POST .../read, aldrig DELETE
  ---
  duration_ms: 6.516649
  type: 'test'
  ...
# Subtest: HY1: stapeln byggs ur arkivet — n olästa ger n brickor
ok 73 - HY1: stapeln byggs ur arkivet — n olästa ger n brickor
  ---
  duration_ms: 2.861596
  type: 'test'
  ...
# Subtest: HY2: frågan ställs med dispatchable=true — en tystad sort ska inte återuppstå vid omladdning
ok 74 - HY2: frågan ställs med dispatchable=true — en tystad sort ska inte återuppstå vid omladdning
  ---
  duration_ms: 0.326339
  type: 'test'
  ...
# Subtest: HY3: äldst till vänster — spelaren arbetar sig igenom i den ordning buden kom
ok 75 - HY3: äldst till vänster — spelaren arbetar sig igenom i den ordning buden kom
  ---
  duration_ms: 0.978044
  type: 'test'
  ...
# Subtest: HY4: vid backlog behålls de NYASTE tolv, inte de tolv äldsta
ok 76 - HY4: vid backlog behålls de NYASTE tolv, inte de tolv äldsta
  ---
  duration_ms: 1.521628
  type: 'test'
  ...
# Subtest: HY5: varje bricka bär sitt notis-id, så avfärdande kan markera rätt arkivrad läst
ok 77 - HY5: varje bricka bär sitt notis-id, så avfärdande kan markera rätt arkivrad läst
  ---
  duration_ms: 0.36309
  type: 'test'
  ...
# Subtest: HY6: en sort utan egen gren får ändå en bricka — i neutral systemfärg
ok 78 - HY6: en sort utan egen gren får ändå en bricka — i neutral systemfärg
  ---
  duration_ms: 0.18494
  type: 'test'
  ...
# Subtest: HY7: ett tomt arkiv ger en tom stapel och ingen badge
ok 79 - HY7: ett tomt arkiv ger en tom stapel och ingen badge
  ---
  duration_ms: 0.164949
  type: 'test'
  ...
# Subtest: CG1: a refused +1 carries the server's own reason, and does NOT count as a change
ok 80 - CG1: a refused +1 carries the server's own reason, and does NOT count as a change
  ---
  duration_ms: 1.430352
  type: 'test'
  ...
# Subtest: CG2: each distinct server refusal surfaces as itself — not one generic line
ok 81 - CG2: each distinct server refusal surfaces as itself — not one generic line
  ---
  duration_ms: 0.97346
  type: 'test'
  ...
# Subtest: CG3: a successful +1 reports a change and says nothing
ok 82 - CG3: a successful +1 reports a change and says nothing
  ---
  duration_ms: 0.236527
  type: 'test'
  ...
# Subtest: CG4: Fill that places nothing at all explains why (the old code broke out silently)
ok 83 - CG4: Fill that places nothing at all explains why (the old code broke out silently)
  ---
  duration_ms: 0.164886
  type: 'test'
  ...
# Subtest: CG5: Fill that places some then hits the cap stays quiet — the pips moved, that IS the feedback
ok 84 - CG5: Fill that places some then hits the cap stays quiet — the pips moved, that IS the feedback
  ---
  duration_ms: 0.284707
  type: 'test'
  ...
# Subtest: CG6: Fill respects cap as its loop guard
ok 85 - CG6: Fill respects cap as its loop guard
  ---
  duration_ms: 0.17415
  type: 'test'
  ...
# Subtest: CG7: −1 deletes the matching ordinal and reports a change
ok 86 - CG7: −1 deletes the matching ordinal and reports a change
  ---
  duration_ms: 0.281701
  type: 'test'
  ...
# Subtest: CG8: −1 with no matching citizen says so and refreshes instead of doing nothing
ok 87 - CG8: −1 with no matching citizen says so and refreshes instead of doing nothing
  ---
  duration_ms: 0.255158
  type: 'test'
  ...
# Subtest: CG9: a failed DELETE is reported, not swallowed
ok 88 - CG9: a failed DELETE is reported, not swallowed
  ---
  duration_ms: 0.355658
  type: 'test'
  ...
# Subtest: CG10: an empty or non-JSON error body still produces a line, never blank silence
ok 89 - CG10: an empty or non-JSON error body still produces a line, never blank silence
  ---
  duration_ms: 0.533644
  type: 'test'
  ...
# Subtest: CG11: an expired session reads as the server's own sentence, not "error 401"
ok 90 - CG11: an expired session reads as the server's own sentence, not "error 401"
  ---
  duration_ms: 0.223333
  type: 'test'
  ...
# Subtest: CG12: the city centre and a hex are never confused for one another
ok 91 - CG12: the city centre and a hex are never confused for one another
  ---
  duration_ms: 0.132491
  type: 'test'
  ...
# Subtest: CG13: two different hexes get different keys — a restore must not land on the wrong one
ok 92 - CG13: two different hexes get different keys — a restore must not land on the wrong one
  ---
  duration_ms: 0.108064
  type: 'test'
  ...
# Subtest: CG14: the key survives a round trip through a re-rendered element with the same identity
ok 93 - CG14: the key survives a round trip through a re-rendered element with the same identity
  ---
  duration_ms: 0.076166
  type: 'test'
  ...
# Subtest: CG15: a missing or dataset-less element yields null, so nothing is restored rather than throwing
ok 94 - CG15: a missing or dataset-less element yields null, so nothing is restored rather than throwing
  ---
  duration_ms: 0.067467
  type: 'test'
  ...
# Subtest: CG11: insufficient_goods is delegated to formatApiError, the same helper every other surface uses
ok 95 - CG11: insufficient_goods is delegated to formatApiError, the same helper every other surface uses
  ---
  duration_ms: 0.18651
  type: 'test'
  ...
# Subtest: takeLabel says what taking does, building part only when one stands there
ok 96 - takeLabel says what taking does, building part only when one stands there
  ---
  duration_ms: 16.105902
  type: 'test'
  ...
# Subtest: CG16: −1 is disabled on a held hex where none of the gubbar are yours
ok 97 - CG16: −1 is disabled on a held hex where none of the gubbar are yours
  ---
  duration_ms: 0.445237
  type: 'test'
  ...
# Subtest: codex: index ids are unique and every category is declared
ok 98 - codex: index ids are unique and every category is declared
  ---
  duration_ms: 2.339702
  type: 'test'
  ...
# Subtest: codex: every index entry has a file and every file has an index entry
ok 99 - codex: every index entry has a file and every file has an index entry
  ---
  duration_ms: 1.153478
  type: 'test'
  ...
# Subtest: codex: every [[link]] and related entry resolves to an article
ok 100 - codex: every [[link]] and related entry resolves to an article
  ---
  duration_ms: 2.300354
  type: 'test'
  ...
# Subtest: codex: every notification kind the client shows maps to exactly one article
ok 101 - codex: every notification kind the client shows maps to exactly one article
  ---
  duration_ms: 1.016175
  type: 'test'
  ...
# Subtest: codex: every drawer with a ? button has an article
ok 102 - codex: every drawer with a ? button has an article
  ---
  duration_ms: 0.442006
  type: 'test'
  ...
# Subtest: codex: every article is reachable — linked from another article or listed as related
ok 103 - codex: every article is reachable — linked from another article or listed as related
  ---
  duration_ms: 0.531457
  type: 'test'
  ...
# Subtest: renderMarkdown: escapes HTML and renders links, known and missing
ok 104 - renderMarkdown: escapes HTML and renders links, known and missing
  ---
  duration_ms: 0.809065
  type: 'test'
  ...
# Subtest: renderMarkdown: headings, lists, tables, code and comments
ok 105 - renderMarkdown: headings, lists, tables, code and comments
  ---
  duration_ms: 0.753883
  type: 'test'
  ...
# Subtest: backlinksTo and searchArticles
ok 106 - backlinksTo and searchArticles
  ---
  duration_ms: 0.542679
  type: 'test'
  ...
# Subtest: codex: lowercase agora_ready is mapped and community rules match alpha policy
ok 107 - codex: lowercase agora_ready is mapped and community rules match alpha policy
  ---
  duration_ms: 1.398287
  type: 'test'
  ...
# Subtest: codex search finds abandon in Colonies and call-back in Sea
ok 108 - codex search finds abandon in Colonies and call-back in Sea
  ---
  duration_ms: 9.91865
  type: 'test'
  ...
# Subtest: DG1: the environment answers the question two Chromium reports could not
ok 109 - DG1: the environment answers the question two Chromium reports could not
  ---
  duration_ms: 1.212711
  type: 'test'
  ...
# Subtest: DG2: a refused call is remembered with the server's own words
ok 110 - DG2: a refused call is remembered with the server's own words
  ---
  duration_ms: 1.734333
  type: 'test'
  ...
# Subtest: DG3: the buffer keeps the NEWEST entries — the failure that prompted the report is the last one
ok 111 - DG3: the buffer keeps the NEWEST entries — the failure that prompted the report is the last one
  ---
  duration_ms: 0.218949
  type: 'test'
  ...
# Subtest: DG4: long strings are truncated so a report stays a lead, not a log
ok 112 - DG4: long strings are truncated so a report stays a lead, not a log
  ---
  duration_ms: 0.201247
  type: 'test'
  ...
# Subtest: DG5: with nothing wrong, the snapshot carries the environment and no empty scaffolding
ok 113 - DG5: with nothing wrong, the snapshot carries the environment and no empty scaffolding
  ---
  duration_ms: 0.215765
  type: 'test'
  ...
# Subtest: DG6: a thrown script error is captured with its source location
ok 114 - DG6: a thrown script error is captured with its source location
  ---
  duration_ms: 0.294799
  type: 'test'
  ...
# Subtest: DG7: an unhandled promise rejection is captured too — the half that never reaches window.onerror
ok 115 - DG7: an unhandled promise rejection is captured too — the half that never reaches window.onerror
  ---
  duration_ms: 0.322087
  type: 'test'
  ...
# Subtest: DG8: a listener that throws never breaks the page it is diagnosing
ok 116 - DG8: a listener that throws never breaks the page it is diagnosing
  ---
  duration_ms: 0.262254
  type: 'test'
  ...
# Subtest: DG9: installErrorCapture on a host without addEventListener is a no-op, not a crash
ok 117 - DG9: installErrorCapture on a host without addEventListener is a no-op, not a crash
  ---
  duration_ms: 0.370843
  type: 'test'
  ...
# Subtest: DG10: truncate leaves short strings untouched and handles null
ok 118 - DG10: truncate leaves short strings untouched and handles null
  ---
  duration_ms: 0.402298
  type: 'test'
  ...
# Subtest: AK1: a direct q/r on the payload wins outright, no lookup needed
ok 119 - AK1: a direct q/r on the payload wins outright, no lookup needed
  ---
  duration_ms: 1.825282
  type: 'test'
  ...
# Subtest: AK2: settlement_id resolves via State.provinceData
ok 120 - AK2: settlement_id resolves via State.provinceData
  ---
  duration_ms: 0.330495
  type: 'test'
  ...
# Subtest: AK3: dest_id/destination_id (transport/trade kinds) resolve the same way settlement_id does
ok 121 - AK3: dest_id/destination_id (transport/trade kinds) resolve the same way settlement_id does
  ---
  duration_ms: 0.177564
  type: 'test'
  ...
# Subtest: AK4: OfferAccepted/Declined/Expired go to the COUNTERPARTY city, not the recipient's own (Timothy 2026-09-04, megaron_plan_dispatches.md §3)
ok 122 - AK4: OfferAccepted/Declined/Expired go to the COUNTERPARTY city, not the recipient's own (Timothy 2026-09-04, megaron_plan_dispatches.md §3)
  ---
  duration_ms: 0.218314
  type: 'test'
  ...
# Subtest: AK5: OfferAccepted falls back to settlement_id if counterparty_id is somehow absent
ok 123 - AK5: OfferAccepted falls back to settlement_id if counterparty_id is somehow absent
  ---
  duration_ms: 0.129737
  type: 'test'
  ...
# Subtest: AK6: a non-offer kind never picks up counterparty_id even if present
ok 124 - AK6: a non-offer kind never picks up counterparty_id even if present
  ---
  duration_ms: 0.190219
  type: 'test'
  ...
# Subtest: AK7: an unresolvable settlement_id falls through to a unit_id lookup
ok 125 - AK7: an unresolvable settlement_id falls through to a unit_id lookup
  ---
  duration_ms: 0.149755
  type: 'test'
  ...
# Subtest: AK8: a foreign unit (not own) is still found via State.foreignUnitData
ok 126 - AK8: a foreign unit (not own) is still found via State.foreignUnitData
  ---
  duration_ms: 0.153618
  type: 'test'
  ...
# Subtest: AK9: no destination anywhere returns null (the disabled-button case)
ok 127 - AK9: no destination anywhere returns null (the disabled-button case)
  ---
  duration_ms: 0.328861
  type: 'test'
  ...
# Subtest: OC1: CityOccupied as attacker offers sack/burn from the payload's own choices, never annex (too early)
ok 128 - OC1: CityOccupied as attacker offers sack/burn from the payload's own choices, never annex (too early)
  ---
  duration_ms: 0.453198
  type: 'test'
  ...
# Subtest: OC2: CityOccupied as defender offers nothing — it is not this Wanax's choice to make
ok 129 - OC2: CityOccupied as defender offers nothing — it is not this Wanax's choice to make
  ---
  duration_ms: 0.234288
  type: 'test'
  ...
# Subtest: OC3: CityAnnexReady offers all three — sack/burn remain available once annex unlocks
ok 130 - OC3: CityAnnexReady offers all three — sack/burn remain available once annex unlocks
  ---
  duration_ms: 0.857497
  type: 'test'
  ...
# Subtest: OC4: an unrelated dispatch kind offers nothing
ok 131 - OC4: an unrelated dispatch kind offers nothing
  ---
  duration_ms: 0.097313
  type: 'test'
  ...
# Subtest: OC5: a missing/malformed choices list on CityOccupied degrades to no buttons rather than throwing
ok 132 - OC5: a missing/malformed choices list on CityOccupied degrades to no buttons rather than throwing
  ---
  duration_ms: 0.079379
  type: 'test'
  ...
# Subtest: OC6: buildOccupationOrderBody sends exactly {action} — sack loots everything by default, no goods picker
ok 133 - OC6: buildOccupationOrderBody sends exactly {action} — sack loots everything by default, no goods picker
  ---
  duration_ms: 0.135948
  type: 'test'
  ...
# Subtest: PS1: PassageStalled resolves "take me there" via the port q/r the server sends
ok 134 - PS1: PassageStalled resolves "take me there" via the port q/r the server sends
  ---
  duration_ms: 0.088005
  type: 'test'
  ...
# Subtest: AK1: formatCargoRows carries good/quantity/from/to straight through
ok 135 - AK1: formatCargoRows carries good/quantity/from/to straight through
  ---
  duration_ms: 1.231678
  type: 'test'
  ...
# Subtest: AK2: ETA is computed from arrives_at - nowMs, not from the wall clock
ok 136 - AK2: ETA is computed from arrives_at - nowMs, not from the wall clock
  ---
  duration_ms: 0.305529
  type: 'test'
  ...
# Subtest: AK3: an already-arrived trade (arrives_at in the past) reads "arrived"
ok 137 - AK3: an already-arrived trade (arrives_at in the past) reads "arrived"
  ---
  duration_ms: 0.155871
  type: 'test'
  ...
# Subtest: AK4: quantity floors fractional amounts (matches the rest of the drawer)
ok 138 - AK4: quantity floors fractional amounts (matches the rest of the drawer)
  ---
  duration_ms: 0.146973
  type: 'test'
  ...
# Subtest: AK5 (regression): renderCargoHTML on an empty list says nothing is in transit, not a blank table
ok 139 - AK5 (regression): renderCargoHTML on an empty list says nothing is in transit, not a blank table
  ---
  duration_ms: 0.368688
  type: 'test'
  ...
# Subtest: AK6: renderCargoHTML never claims a fixed loss percentage — only that cargo is physical and can be seized
ok 140 - AK6: renderCargoHTML never claims a fixed loss percentage — only that cargo is physical and can be seized
  ---
  duration_ms: 0.235577
  type: 'test'
  ...
# Subtest: AK7: renderCargoHTML escapes good_key so a hostile good name cannot inject markup
ok 141 - AK7: renderCargoHTML escapes good_key so a hostile good name cannot inject markup
  ---
  duration_ms: 0.247538
  type: 'test'
  ...
# Subtest: AK7: a shipment the caller is receiving is labelled incoming
ok 142 - AK7: a shipment the caller is receiving is labelled incoming
  ---
  duration_ms: 0.137174
  type: 'test'
  ...
# Subtest: AK8: a shipment the caller dispatched is labelled outgoing
ok 143 - AK8: a shipment the caller dispatched is labelled outgoing
  ---
  duration_ms: 0.359141
  type: 'test'
  ...
# Subtest: AK9: the direction reaches the markup, not just the row object
ok 144 - AK9: the direction reaches the markup, not just the row object
  ---
  duration_ms: 0.486739
  type: 'test'
  ...
# Subtest: cargo uses the authoritative rounded arrival tick even when wall projection is overdue
ok 145 - cargo uses the authoritative rounded arrival tick even when wall projection is overdue
  ---
  duration_ms: 0.362833
  type: 'test'
  ...
# Subtest: BK1: mine is buildable from the catalogue (was missing entirely from the old hardcoded list)
ok 146 - BK1: mine is buildable from the catalogue (was missing entirely from the old hardcoded list)
  ---
  duration_ms: 1.31198
  type: 'test'
  ...
# Subtest: silver_mine is gone from the Construct label map — an unlabelled fallback would betray a stale catalogue entry
ok 147 - silver_mine is gone from the Construct label map — an unlabelled fallback would betray a stale catalogue entry
  ---
  duration_ms: 0.311848
  type: 'test'
  ...
# Subtest: BK2: costs are read from the catalogue, not hardcoded — mutating the fixture mutates the rendered string
ok 148 - BK2: costs are read from the catalogue, not hardcoded — mutating the fixture mutates the rendered string
  ---
  duration_ms: 0.193284
  type: 'test'
  ...
# Subtest: BK3: cost rounding matches the CLI (%.0f per good, cmd_build.go), not the pre-mig-136 hardcoded values
ok 149 - BK3: cost rounding matches the CLI (%.0f per good, cmd_build.go), not the pre-mig-136 hardcoded values
  ---
  duration_ms: 0.223263
  type: 'test'
  ...
# Subtest: BK4: an option is name and price only — no purpose, no requires tail (Timothy 2026-09-30: too long)
ok 150 - BK4: an option is name and price only — no purpose, no requires tail (Timothy 2026-09-30: too long)
  ---
  duration_ms: 0.213585
  type: 'test'
  ...
# Subtest: BK6: wall keeps its old hardcoded upgrade-ladder copy — the catalogue entry has no upgrade_costs for it (stop condition, megaron_plan_byggkatalogen_i_webben.md §7)
ok 151 - BK6: wall keeps its old hardcoded upgrade-ladder copy — the catalogue entry has no upgrade_costs for it (stop condition, megaron_plan_byggkatalogen_i_webben.md §7)
  ---
  duration_ms: 0.135488
  type: 'test'
  ...
# Subtest: HX1: a valid, empty hex renders as a build option with its coords and terrain
ok 152 - HX1: a valid, empty hex renders as a build option with its coords and terrain
  ---
  duration_ms: 0.386351
  type: 'test'
  ...
# Subtest: HX2: a hex missing from valid_hexes_for_building but already carrying a SAME-type building is offered as an upgrade
ok 153 - HX2: a hex missing from valid_hexes_for_building but already carrying a SAME-type building is offered as an upgrade
  ---
  duration_ms: 0.168495
  type: 'test'
  ...
# Subtest: HX3: a hex carrying a DIFFERENT-type building is not offered at all
ok 154 - HX3: a hex carrying a DIFFERENT-type building is not offered at all
  ---
  duration_ms: 0.353155
  type: 'test'
  ...
# Subtest: HX4: a hex present in both lists is rendered once, as a build option (valid_hexes_for_building wins)
ok 155 - HX4: a hex present in both lists is rendered once, as a build option (valid_hexes_for_building wins)
  ---
  duration_ms: 0.519417
  type: 'test'
  ...
# Subtest: HX4b: server effect strings are escaped, and a missing effect leaves no dangling dash
ok 156 - HX4b: server effect strings are escaped, and a missing effect leaves no dangling dash
  ---
  duration_ms: 0.281298
  type: 'test'
  ...
# Subtest: HX5: no placement-options data yet renders no options, not an error
ok 157 - HX5: no placement-options data yet renders no options, not an error
  ---
  duration_ms: 0.101507
  type: 'test'
  ...
# Subtest: AK1: city.js imports under node --test without a DOM
ok 158 - AK1: city.js imports under node --test without a DOM
  ---
  duration_ms: 0.078869
  type: 'test'
  ...
# Subtest: empty loyalty-log renders a friendly empty-state, not a bare table
ok 159 - empty loyalty-log renders a friendly empty-state, not a bare table
  ---
  duration_ms: 0.140869
  type: 'test'
  ...
# Subtest: a positive delta is signed with a leading + and the --safe tone
ok 160 - a positive delta is signed with a leading + and the --safe tone
  ---
  duration_ms: 21.196445
  type: 'test'
  ...
# Subtest: a negative delta keeps its own minus sign (no double sign) and the --accent tone
ok 161 - a negative delta keeps its own minus sign (no double sign) and the --accent tone
  ---
  duration_ms: 0.404673
  type: 'test'
  ...
# Subtest: rows are rendered in the order given (server already sorts newest-first) — not re-sorted client-side
ok 162 - rows are rendered in the order given (server already sorts newest-first) — not re-sorted client-side
  ---
  duration_ms: 0.67675
  type: 'test'
  ...
# Subtest: a hostile reason string is escaped, not injected as markup
ok 163 - a hostile reason string is escaped, not injected as markup
  ---
  duration_ms: 0.338071
  type: 'test'
  ...
# Subtest: a zero delta (if it ever occurs) gets no sign and the neutral --text-dim tone
ok 164 - a zero delta (if it ever occurs) gets no sign and the neutral --text-dim tone
  ---
  duration_ms: 0.337685
  type: 'test'
  ...
# Subtest: J: only three primary sections, all secondary abilities remain under closed More
ok 165 - J: only three primary sections, all secondary abilities remain under closed More
  ---
  duration_ms: 1.253505
  type: 'test'
  ...
# Subtest: J: food days come from authoritative mixed-food coverage, not grain net or reserve
ok 166 - J: food days come from authoritative mixed-food coverage, not grain net or reserve
  ---
  duration_ms: 20.400153
  type: 'test'
  ...
# Subtest: J: growing low stocks never say starving; food-worker warning survives
ok 167 - J: growing low stocks never say starving; food-worker warning survives
  ---
  duration_ms: 1.403893
  type: 'test'
  ...
# Subtest: J: missing/invalid coverage is honestly unavailable, never zero or NaN days
ok 168 - J: missing/invalid coverage is honestly unavailable, never zero or NaN days
  ---
  duration_ms: 0.222949
  type: 'test'
  ...
# Subtest: J: population and slaughter capability keep input-free player words and eligibility
ok 169 - J: population and slaughter capability keep input-free player words and eligibility
  ---
  duration_ms: 3.529283
  type: 'test'
  ...
# Subtest: AK1: goodsOptionsHTML renders one <option> per good, value = key
ok 170 - AK1: goodsOptionsHTML renders one <option> per good, value = key
  ---
  duration_ms: 0.975089
  type: 'test'
  ...
# Subtest: AK1b: goodsOptionsHTML leads with an empty "choose" option — no good is silently pre-selected
ok 171 - AK1b: goodsOptionsHTML leads with an empty "choose" option — no good is silently pre-selected
  ---
  duration_ms: 0.261827
  type: 'test'
  ...
# Subtest: AK2 (falsifiable): an empty catalogue ([]) reads "no tradeable goods", not a blank list
ok 172 - AK2 (falsifiable): an empty catalogue ([]) reads "no tradeable goods", not a blank list
  ---
  duration_ms: 0.183626
  type: 'test'
  ...
# Subtest: AK3 (honest empty state): a failed fetch (null) reads "Could not load goods" — never silently falls back to free text
ok 173 - AK3 (honest empty state): a failed fetch (null) reads "Could not load goods" — never silently falls back to free text
  ---
  duration_ms: 0.120588
  type: 'test'
  ...
# Subtest: AK3b: goodsSelectDisabledAttr disables the control exactly when the catalogue failed to load (null), never otherwise
ok 174 - AK3b: goodsSelectDisabledAttr disables the control exactly when the catalogue failed to load (null), never otherwise
  ---
  duration_ms: 0.160307
  type: 'test'
  ...
# Subtest: AK4: goodsOptionsHTML escapes a hostile good name so it cannot inject markup
ok 175 - AK4: goodsOptionsHTML escapes a hostile good name so it cannot inject markup
  ---
  duration_ms: 0.132668
  type: 'test'
  ...
# Subtest: AK5: goodsOptionsHTML falls back to the raw key as the label when name is missing
ok 176 - AK5: goodsOptionsHTML falls back to the raw key as the label when name is missing
  ---
  duration_ms: 0.82945
  type: 'test'
  ...
# Subtest: Correspondence reads host and city outboxes and renders their letters
ok 177 - Correspondence reads host and city outboxes and renders their letters
  ---
  duration_ms: 44.578484
  type: 'test'
  ...
# Subtest: M: actual drawer offers exactly Correspondence and Known
ok 178 - M: actual drawer offers exactly Correspondence and Known
  ---
  duration_ms: 25.837877
  type: 'test'
  ...
# Subtest: M: Known keeps ruler and city knowledge, gates rumours
ok 179 - M: Known keeps ruler and city knowledge, gates rumours
  ---
  duration_ms: 21.13397
  type: 'test'
  ...
# Subtest: M: first letter and both trade directions remain reachable without any prior letter
ok 180 - M: first letter and both trade directions remain reachable without any prior letter
  ---
  duration_ms: 12.901895
  type: 'test'
  ...
# Subtest: M: selecting rumour, own city or a removed contact creates no draft or dispatch
ok 181 - M: selecting rumour, own city or a removed contact creates no draft or dispatch
  ---
  duration_ms: 0.989971
  type: 'test'
  ...
# Subtest: M: host still reads both tabs but does not gain a settlement-only trade composer
ok 182 - M: host still reads both tabs but does not gain a settlement-only trade composer
  ---
  duration_ms: 1.700899
  type: 'test'
  ...
# Subtest: M: failed Known fetch offers retry without inventing an empty directory
ok 183 - M: failed Known fetch offers retry without inventing an empty directory
  ---
  duration_ms: 3.064936
  type: 'test'
  ...
# Subtest: M: Write clears a stale composer while the chosen conversation loads
ok 184 - M: Write clears a stale composer while the chosen conversation loads
  ---
  duration_ms: 11.317157
  type: 'test'
  ...
# Subtest: M: late unavailable-actions response preserves a typed first letter
ok 185 - M: late unavailable-actions response preserves a typed first letter
  ---
  duration_ms: 2.804682
  type: 'test'
  ...
# Subtest: atStorageCeiling: mirrors keryx — >=99% of a positive cap, nothing without a cap
ok 186 - atStorageCeiling: mirrors keryx — >=99% of a positive cap, nothing without a cap
  ---
  duration_ms: 1.424808
  type: 'test'
  ...
# Subtest: goodsRateCell: a good at cap reads "full" (dimmed) not green growth, and names the wasted rate
ok 187 - goodsRateCell: a good at cap reads "full" (dimmed) not green growth, and names the wasted rate
  ---
  duration_ms: 15.147125
  type: 'test'
  ...
# Subtest: goodsRateCell: at cap but idle (rate 0) reads plain "full", no wasted-rate tail
ok 188 - goodsRateCell: at cap but idle (rate 0) reads plain "full", no wasted-rate tail
  ---
  duration_ms: 1.071729
  type: 'test'
  ...
# Subtest: goodsRateCell: below cap and producing keeps the green growth cell
ok 189 - goodsRateCell: below cap and producing keeps the green growth cell
  ---
  duration_ms: 0.360557
  type: 'test'
  ...
# Subtest: goodsRateCell: below cap and idle renders an empty cell
ok 190 - goodsRateCell: below cap and idle renders an empty cell
  ---
  duration_ms: 0.148837
  type: 'test'
  ...
# Subtest: AK1: economy.js imports under node --test without a DOM (proves the misc.js pointerdown listener no longer runs at module scope)
ok 191 - AK1: economy.js imports under node --test without a DOM (proves the misc.js pointerdown listener no longer runs at module scope)
  ---
  duration_ms: 0.106126
  type: 'test'
  ...
# Subtest: parseGoodAmountPairs: matches keryx cmd_route.go's good:amount,good:amount shape
ok 192 - parseGoodAmountPairs: matches keryx cmd_route.go's good:amount,good:amount shape
  ---
  duration_ms: 0.920582
  type: 'test'
  ...
# Subtest: parseGoodAmountPairs: empty/blank input is an empty list, not an error
ok 193 - parseGoodAmountPairs: empty/blank input is an empty list, not an error
  ---
  duration_ms: 0.194935
  type: 'test'
  ...
# Subtest: parseGoodAmountPairs: a malformed pair is dropped, not thrown — a typo must not crash the form
ok 194 - parseGoodAmountPairs: a malformed pair is dropped, not thrown — a typo must not crash the form
  ---
  duration_ms: 0.407442
  type: 'test'
  ...
# Subtest: renderStandingOrdersHTML: empty list renders the empty-state message
ok 195 - renderStandingOrdersHTML: empty list renders the empty-state message
  ---
  duration_ms: 0.431492
  type: 'test'
  ...
# Subtest: renderStandingOrdersHTML: an active order offers Pause, a paused one offers Resume and shows its reason
ok 196 - renderStandingOrdersHTML: an active order offers Pause, a paused one offers Resume and shows its reason
  ---
  duration_ms: 0.341408
  type: 'test'
  ...
# Subtest: renderStandingOrdersHTML: a naval route names its bound ship
ok 197 - renderStandingOrdersHTML: a naval route names its bound ship
  ---
  duration_ms: 0.137646
  type: 'test'
  ...
# Subtest: settlementFoodRow: a self-sufficient, well-stocked settlement reads "stable"
ok 198 - settlementFoodRow: a self-sufficient, well-stocked settlement reads "stable"
  ---
  duration_ms: 0.232256
  type: 'test'
  ...
# Subtest: settlementFoodRow: empty granary and shrinking reads "starving" and ranks worst (except cannot-feed)
ok 199 - settlementFoodRow: empty granary and shrinking reads "starving" and ranks worst (except cannot-feed)
  ---
  duration_ms: 0.108488
  type: 'test'
  ...
# Subtest: settlementFoodRow: food_self_sufficient===false overrides the granary state — always the worst, even mid-store
ok 200 - settlementFoodRow: food_self_sufficient===false overrides the granary state — always the worst, even mid-store
  ---
  duration_ms: 0.094642
  type: 'test'
  ...
# Subtest: settlementFoodRow: no province data (failed fetch) renders "no data" instead of throwing or guessing
ok 201 - settlementFoodRow: no province data (failed fetch) renders "no data" instead of throwing or guessing
  ---
  duration_ms: 0.082705
  type: 'test'
  ...
# Subtest: sortSettlementRows: default brist sort puts cannot-feed first, then starving, then stable
ok 202 - sortSettlementRows: default brist sort puts cannot-feed first, then starving, then stable
  ---
  duration_ms: 0.199329
  type: 'test'
  ...
# Subtest: sortSettlementRows: sorting by population desc does not mutate the input array
ok 203 - sortSettlementRows: sorting by population desc does not mutate the input array
  ---
  duration_ms: 0.132409
  type: 'test'
  ...
# Subtest: renderSettlementsOverviewHTML: empty rows render nothing
ok 204 - renderSettlementsOverviewHTML: empty rows render nothing
  ---
  duration_ms: 0.164435
  type: 'test'
  ...
# Subtest: renderSettlementsOverviewHTML: each row links to openCitySettlement and shows name/pop/rate/status
ok 205 - renderSettlementsOverviewHTML: each row links to openCitySettlement and shows name/pop/rate/status
  ---
  duration_ms: 0.561754
  type: 'test'
  ...
# Subtest: renderSettlementsOverviewHTML: the active sort column shows its arrow, others do not
ok 206 - renderSettlementsOverviewHTML: the active sort column shows its arrow, others do not
  ---
  duration_ms: 0.274216
  type: 'test'
  ...
# Subtest: loadEconomyDrawer: with no owned settlements, renders the empty-state message and returns before touching anything else
ok 207 - loadEconomyDrawer: with no owned settlements, renders the empty-state message and returns before touching anything else
  ---
  duration_ms: 0.226892
  type: 'test'
  ...
# Subtest: Economy City link closes Economy before opening the requested province
ok 208 - Economy City link closes Economy before opening the requested province
  ---
  duration_ms: 1.401432
  type: 'test'
  ...
# Subtest: Economy id: actual drawer joins settlement ids while links and goods keep province ids
ok 209 - Economy id: actual drawer joins settlement ids while links and goods keep province ids
  ---
  duration_ms: 56.227275
  type: 'test'
  ...
# Subtest: Economy id: missing or refused overview remains no data; never match province id or name
ok 210 - Economy id: missing or refused overview remains no data; never match province id or name
  ---
  duration_ms: 12.123416
  type: 'test'
  ...
# Subtest: N: actual POST preserves multiple outbound goods, return floor zero, decimals and destination crew
ok 211 - N: actual POST preserves multiple outbound goods, return floor zero, decimals and destination crew
  ---
  duration_ms: 25.159303
  type: 'test'
  ...
# Subtest: N: blank optional rows leave an empty return array and source crew intact
ok 212 - N: blank optional rows leave an empty return array and source crew intact
  ---
  duration_ms: 1.19031
  type: 'test'
  ...
# Subtest: N: drawer keeps four tabs and crew choices, replaces both CSV inputs with addable goods rows
ok 213 - N: drawer keeps four tabs and crew choices, replaces both CSV inputs with addable goods rows
  ---
  duration_ms: 26.145109
  type: 'test'
  ...
# Subtest: N: same-city and missing-outbound rows still cannot dispatch
ok 214 - N: same-city and missing-outbound rows still cannot dispatch
  ---
  duration_ms: 0.470616
  type: 'test'
  ...
# Subtest: N: failed goods fetch sends no form, reopening Automation retries full inventory
ok 215 - N: failed goods fetch sends no form, reopening Automation retries full inventory
  ---
  duration_ms: 5.235435
  type: 'test'
  ...
# Subtest: hopsLabel: 0 or missing hops → no qualifier (matches keryx cmd_gossip.go hopLabel)
ok 216 - hopsLabel: 0 or missing hops → no qualifier (matches keryx cmd_gossip.go hopLabel)
  ---
  duration_ms: 0.846171
  type: 'test'
  ...
# Subtest: hopsLabel: 1 hop is singular, N hops is plural
ok 217 - hopsLabel: 1 hop is singular, N hops is plural
  ---
  duration_ms: 0.214209
  type: 'test'
  ...
# Subtest: renderRumourRowHTML: a row renders region, category, hops and text, marked as Rumour
ok 218 - renderRumourRowHTML: a row renders region, category, hops and text, marked as Rumour
  ---
  duration_ms: 0.384711
  type: 'test'
  ...
# Subtest: renderRumourRowHTML: importance=major gets the highlight class
ok 219 - renderRumourRowHTML: importance=major gets the highlight class
  ---
  duration_ms: 0.155729
  type: 'test'
  ...
# Subtest: renderRumourRowHTML: escapes rumour text so a hostile string cannot inject markup
ok 220 - renderRumourRowHTML: escapes rumour text so a hostile string cannot inject markup
  ---
  duration_ms: 0.214208
  type: 'test'
  ...
# Subtest: renderRumourRowHTML: a 0-hop rumour carries no distance qualifier
ok 221 - renderRumourRowHTML: a 0-hop rumour carries no distance qualifier
  ---
  duration_ms: 0.160228
  type: 'test'
  ...
# Subtest: K: cancellation and passage refusals keep buttons enabled and show server text beside the action
ok 222 - K: cancellation and passage refusals keep buttons enabled and show server text beside the action
  ---
  duration_ms: 30.580797
  type: 'test'
  ...
# Subtest: K: rite refusal stays in Kult; success survives drawer refresh
ok 223 - K: rite refusal stays in Kult; success survives drawer refresh
  ---
  duration_ms: 2.742326
  type: 'test'
  ...
# Subtest: K: real abandon handler cannot POST before inline confirmation; refusal remains visible
ok 224 - K: real abandon handler cannot POST before inline confirmation; refusal remains visible
  ---
  duration_ms: 0.922647
  type: 'test'
  ...
# Subtest: AK1: vredgad (Wrathful mood) renders an English label, not the raw Swedish string
ok 225 - AK1: vredgad (Wrathful mood) renders an English label, not the raw Swedish string
  ---
  duration_ms: 0.708709
  type: 'test'
  ...
# Subtest: AK1b: tveksam (Suspicious mood) renders an English label, not the raw Swedish string
ok 226 - AK1b: tveksam (Suspicious mood) renders an English label, not the raw Swedish string
  ---
  duration_ms: 0.145342
  type: 'test'
  ...
# Subtest: AK2: vardig and overdadig — already-correct-looking values — still translate correctly
ok 227 - AK2: vardig and overdadig — already-correct-looking values — still translate correctly
  ---
  duration_ms: 0.080148
  type: 'test'
  ...
# Subtest: AK3: enkel (pre-first-tick fallback) gets an honest label, not a fake tier name
ok 228 - AK3: enkel (pre-first-tick fallback) gets an honest label, not a fake tier name
  ---
  duration_ms: 0.081771
  type: 'test'
  ...
# Subtest: AK4: a value the server never sends still falls back to itself, not a fabricated label
ok 229 - AK4: a value the server never sends still falls back to itself, not a fabricated label
  ---
  duration_ms: 0.123243
  type: 'test'
  ...
# Subtest: AK1: kharis_net_known true draws a Net row, distinct from Passive, signed with one decimal
ok 230 - AK1: kharis_net_known true draws a Net row, distinct from Passive, signed with one decimal
  ---
  duration_ms: 1.016851
  type: 'test'
  ...
# Subtest: AK1b: a negative net is signed with a minus, not a double sign
ok 231 - AK1b: a negative net is signed with a minus, not a double sign
  ---
  duration_ms: 0.266301
  type: 'test'
  ...
# Subtest: AK2: kharis_net_known false draws no net row at all — not even "0.0"
ok 232 - AK2: kharis_net_known false draws no net row at all — not even "0.0"
  ---
  duration_ms: 0.164087
  type: 'test'
  ...
# Subtest: AK2b: kharis_net_known missing entirely (not strictly true) also draws nothing
ok 233 - AK2b: kharis_net_known missing entirely (not strictly true) also draws nothing
  ---
  duration_ms: 1.612937
  type: 'test'
  ...
# Subtest: AK3: kharis_devotion_idle true draws the idle-capacity warning
ok 234 - AK3: kharis_devotion_idle true draws the idle-capacity warning
  ---
  duration_ms: 0.240643
  type: 'test'
  ...
# Subtest: AK3b: kharis_devotion_idle false (or absent) draws no warning
ok 235 - AK3b: kharis_devotion_idle false (or absent) draws no warning
  ---
  duration_ms: 0.130907
  type: 'test'
  ...
# Subtest: a null/undefined payload draws nothing, crashes nothing
ok 236 - a null/undefined payload draws nothing, crashes nothing
  ---
  duration_ms: 0.806511
  type: 'test'
  ...
# Subtest: AK1: notif.js exporterar inte längre clearAllNotifs — funktionen är borttagen, inte bara oanvänd
ok 237 - AK1: notif.js exporterar inte längre clearAllNotifs — funktionen är borttagen, inte bara oanvänd
  ---
  duration_ms: 3.111373
  type: 'test'
  ...
# Subtest: AK2: notis-drawerns header i map.html saknar "Clear all"-knappen och visar arkiv-etiketten i stället
ok 238 - AK2: notis-drawerns header i map.html saknar "Clear all"-knappen och visar arkiv-etiketten i stället
  ---
  duration_ms: 0.358096
  type: 'test'
  ...
# Subtest: AK3: clearAllNotifs finns inte kvar i main.js window-bryggan (den skulle annars vara nåbar även utan knapp i markupen)
ok 239 - AK3: clearAllNotifs finns inte kvar i main.js window-bryggan (den skulle annars vara nåbar även utan knapp i markupen)
  ---
  duration_ms: 0.140981
  type: 'test'
  ...
# Subtest: O: one list, newest first, rumours kept as their own marked rows
ok 240 - O: one list, newest first, rumours kept as their own marked rows
  ---
  duration_ms: 1.16225
  type: 'test'
  ...
# Subtest: K: calendar and forming state survive without world speed
ok 241 - K: calendar and forming state survive without world speed
  ---
  duration_ms: 19.837368
  type: 'test'
  ...
# Subtest: K: quiet kinds remain readable both in group and historic archive
ok 242 - K: quiet kinds remain readable both in group and historic archive
  ---
  duration_ms: 1.804237
  type: 'test'
  ...
# Subtest: K: every advisory has a drawer help link; locked reasons stay authoritative in tooltip
ok 243 - K: every advisory has a drawer help link; locked reasons stay authoritative in tooltip
  ---
  duration_ms: 0.478804
  type: 'test'
  ...
# Subtest: a dismissed brief stays dismissed after reload (localStorage, not session)
ok 244 - a dismissed brief stays dismissed after reload (localStorage, not session)
  ---
  duration_ms: 0.378514
  type: 'test'
  ...
# Subtest: buildContext: nothing open → undefined, not an empty object
ok 245 - buildContext: nothing open → undefined, not an empty object
  ---
  duration_ms: 0.943139
  type: 'test'
  ...
# Subtest: buildContext: march-order menu open → dest + unit ids, regardless of view
ok 246 - buildContext: march-order menu open → dest + unit ids, regardless of view
  ---
  duration_ms: 0.868724
  type: 'test'
  ...
# Subtest: buildContext: city drawer open → settlement_id from the active (cycled) settlement
ok 247 - buildContext: city drawer open → settlement_id from the active (cycled) settlement
  ---
  duration_ms: 0.235681
  type: 'test'
  ...
# Subtest: buildContext: settlement_id is withheld when a different drawer was open — no misleading city context
ok 248 - buildContext: settlement_id is withheld when a different drawer was open — no misleading city context
  ---
  duration_ms: 0.148788
  type: 'test'
  ...
# Subtest: under LowDays: empty + shrinking reads as a hard warning
ok 249 - under LowDays: empty + shrinking reads as a hard warning
  ---
  duration_ms: 1.003312
  type: 'test'
  ...
# Subtest: under LowDays but empty + growing reads as reassuring, not alarming
ok 250 - under LowDays but empty + growing reads as reassuring, not alarming
  ---
  duration_ms: 0.213153
  type: 'test'
  ...
# Subtest: under LowDays with stock still in the granary: releasing
ok 251 - under LowDays with stock still in the granary: releasing
  ---
  duration_ms: 1.095597
  type: 'test'
  ...
# Subtest: between LowDays and HighDays: resting
ok 252 - between LowDays and HighDays: resting
  ---
  duration_ms: 0.133782
  type: 'test'
  ...
# Subtest: over HighDays: storing a tenth of the surplus
ok 253 - over HighDays: storing a tenth of the surplus
  ---
  duration_ms: 0.190791
  type: 'test'
  ...
# Subtest: branch order matches cmd_status.go: cov==low is NOT "under low" (Go uses cov < low)
ok 254 - branch order matches cmd_status.go: cov==low is NOT "under low" (Go uses cov < low)
  ---
  duration_ms: 0.113243
  type: 'test'
  ...
# Subtest: branch order matches cmd_status.go: cov==high is still "vilar", not "store" (Go uses cov <= high)
ok 255 - branch order matches cmd_status.go: cov==high is still "vilar", not "store" (Go uses cov <= high)
  ---
  duration_ms: 0.151046
  type: 'test'
  ...
# Subtest: sitosStateHtml renders a stat-row with the derived state text and severity class
ok 256 - sitosStateHtml renders a stat-row with the derived state text and severity class
  ---
  duration_ms: 0.227888
  type: 'test'
  ...
# Subtest: sitosStateHtml on a settlement with no sitos object at all renders nothing and does not throw
ok 257 - sitosStateHtml on a settlement with no sitos object at all renders nothing and does not throw
  ---
  duration_ms: 0.314919
  type: 'test'
  ...
# Subtest: accepted trade uses separately priced server ticks without claiming delivery from wall time
ok 258 - accepted trade uses separately priced server ticks without claiming delivery from wall time
  ---
  duration_ms: 1.066943
  type: 'test'
  ...
# Subtest: actual accept action sends one authorized request and renders both authoritative legs with recipient direction
ok 259 - actual accept action sends one authorized request and renders both authoritative legs with recipient direction
  ---
  duration_ms: 24.17428
  type: 'test'
  ...
# Subtest: duration follows changed server rules and refuses malformed or unavailable choices
ok 260 - duration follows changed server rules and refuses malformed or unavailable choices
  ---
  duration_ms: 1.345345
  type: 'test'
  ...
# Subtest: mission shows authoritative ticks until turn, then its actual return reason
ok 261 - mission shows authoritative ticks until turn, then its actual return reason
  ---
  duration_ms: 22.639271
  type: 'test'
  ...
# Subtest: player quantities are plain digits with at most one decimal
ok 262 - player quantities are plain digits with at most one decimal
  ---
  duration_ms: 18.143465
  type: 'test'
  ...
# Subtest: days agree in number
ok 263 - days agree in number
  ---
  duration_ms: 0.430068
  type: 'test'
  ...
# Subtest: fmtSilver: whole amounts render as plain integers
ok 264 - fmtSilver: whole amounts render as plain integers
  ---
  duration_ms: 1.332039
  type: 'test'
  ...
# Subtest: fmtSilver: fractional amounts keep one decimal
ok 265 - fmtSilver: fractional amounts keep one decimal
  ---
  duration_ms: 0.243022
  type: 'test'
  ...
# Subtest: fmtSilver: a value that rounds to a whole number drops the decimal
ok 266 - fmtSilver: a value that rounds to a whole number drops the decimal
  ---
  duration_ms: 0.130005
  type: 'test'
  ...
# Subtest: fmtSilver: missing/invalid input is treated as zero, never NaN
ok 267 - fmtSilver: missing/invalid input is treated as zero, never NaN
  ---
  duration_ms: 0.10352
  type: 'test'
  ...
# Subtest: unknown kind with payload: line contains the kind and every payload value
ok 268 - unknown kind with payload: line contains the kind and every payload value
  ---
  duration_ms: 1.398499
  type: 'test'
  ...
# Subtest: unknown kind with empty payload: exactly the kind, nothing more
ok 269 - unknown kind with empty payload: exactly the kind, nothing more
  ---
  duration_ms: 0.148643
  type: 'test'
  ...
# Subtest: unknown kind with undefined payload: does not throw, gives the kind
ok 270 - unknown kind with undefined payload: does not throw, gives the kind
  ---
  duration_ms: 0.195337
  type: 'test'
  ...
# Subtest: unknown kind: stable key order regardless of insertion order
ok 271 - unknown kind: stable key order regardless of insertion order
  ---
  duration_ms: 0.162622
  type: 'test'
  ...
# Subtest: unknown kind: payload with more keys than the cap is truncated with an ellipsis
ok 272 - unknown kind: payload with more keys than the cap is truncated with an ellipsis
  ---
  duration_ms: 0.410617
  type: 'test'
  ...
# Subtest: known kinds are unaffected by the default-arm change
ok 273 - known kinds are unaffected by the default-arm change
  ---
  duration_ms: 0.443379
  type: 'test'
  ...
# Subtest: FieldBattleWon with the real acceptance-world payload
ok 274 - FieldBattleWon with the real acceptance-world payload
  ---
  duration_ms: 0.20257
  type: 'test'
  ...
# Subtest: BattleLost renders opponent name and both sides losses, no place
ok 275 - BattleLost renders opponent name and both sides losses, no place
  ---
  duration_ms: 0.527857
  type: 'test'
  ...
# Subtest: BattleWon uses place name when the server resolved a settlement
ok 276 - BattleWon uses place name when the server resolved a settlement
  ---
  duration_ms: 0.812147
  type: 'test'
  ...
# Subtest: mutual_wipe trailer reads as neither side holding
ok 277 - mutual_wipe trailer reads as neither side holding
  ---
  duration_ms: 0.174763
  type: 'test'
  ...
# Subtest: ShipDamaged: sunk reads as a loss, not a hull number
ok 278 - ShipDamaged: sunk reads as a loss, not a hull number
  ---
  duration_ms: 0.103245
  type: 'test'
  ...
# Subtest: ShipDamaged: routed survivor is limping home for repair
ok 279 - ShipDamaged: routed survivor is limping home for repair
  ---
  duration_ms: 0.081498
  type: 'test'
  ...
# Subtest: ShipDamaged: winning side keeps its orders
ok 280 - ShipDamaged: winning side keeps its orders
  ---
  duration_ms: 0.085641
  type: 'test'
  ...
# Subtest: A7: the sixteen previously-uncased kinds get real text, not the default arm
ok 281 - A7: the sixteen previously-uncased kinds get real text, not the default arm
  ---
  duration_ms: 9.330184
  type: 'test'
  ...
# Subtest: DivinePunishment names the settlement and the right unit per type
ok 282 - DivinePunishment names the settlement and the right unit per type
  ---
  duration_ms: 0.163285
  type: 'test'
  ...
# Subtest: DivinePunishment without a name (older persisted notification) omits the place clause, not an empty one
ok 283 - DivinePunishment without a name (older persisted notification) omits the place clause, not an empty one
  ---
  duration_ms: 0.142876
  type: 'test'
  ...
# Subtest: DivinePunishment unknown type falls to the raw-payload default, invents nothing
ok 284 - DivinePunishment unknown type falls to the raw-payload default, invents nothing
  ---
  duration_ms: 0.127751
  type: 'test'
  ...
# Subtest: DivineBlessing names the settlement and the right unit per type
ok 285 - DivineBlessing names the settlement and the right unit per type
  ---
  duration_ms: 0.104812
  type: 'test'
  ...
# Subtest: DivineBlessing unknown type falls to the raw-payload default, invents nothing
ok 286 - DivineBlessing unknown type falls to the raw-payload default, invents nothing
  ---
  duration_ms: 0.120072
  type: 'test'
  ...
# Subtest: FoodShortfall names the settlement and the unmet ration
ok 287 - FoodShortfall names the settlement and the unmet ration
  ---
  duration_ms: 0.101877
  type: 'test'
  ...
# Subtest: FoodShortfall without a name falls back to a generic settlement label
ok 288 - FoodShortfall without a name falls back to a generic settlement label
  ---
  duration_ms: 0.090219
  type: 'test'
  ...
# Subtest: HexBlockaded names the settlement, the worker count, and the hex
ok 289 - HexBlockaded names the settlement, the worker count, and the hex
  ---
  duration_ms: 0.113286
  type: 'test'
  ...
# Subtest: HexBlockaded uses singular phrasing for exactly one worker
ok 290 - HexBlockaded uses singular phrasing for exactly one worker
  ---
  duration_ms: 0.096902
  type: 'test'
  ...
# Subtest: HexUnblockaded names the settlement, the worker count, and the hex
ok 291 - HexUnblockaded names the settlement, the worker count, and the hex
  ---
  duration_ms: 0.088054
  type: 'test'
  ...
# Subtest: SiegeStarted names the settlement and the besieger
ok 292 - SiegeStarted names the settlement and the besieger
  ---
  duration_ms: 0.091167
  type: 'test'
  ...
# Subtest: SiegeStarted falls back to "an enemy" when besieger_name is missing
ok 293 - SiegeStarted falls back to "an enemy" when besieger_name is missing
  ---
  duration_ms: 0.089059
  type: 'test'
  ...
# Subtest: SiegeLifted names the settlement
ok 294 - SiegeLifted names the settlement
  ---
  duration_ms: 0.083381
  type: 'test'
  ...
# Subtest: UnitExploreReturned names the returning unit instead of a bare category
ok 295 - UnitExploreReturned names the returning unit instead of a bare category
  ---
  duration_ms: 0.098181
  type: 'test'
  ...
# Subtest: UnitArrived names the unit over the type
ok 296 - UnitArrived names the unit over the type
  ---
  duration_ms: 0.095634
  type: 'test'
  ...
# Subtest: UnitReturnedStarving names the ship possessively
ok 297 - UnitReturnedStarving names the ship possessively
  ---
  duration_ms: 0.107548
  type: 'test'
  ...
# Subtest: UnitAttrition and UnitDeserted name the unit
ok 298 - UnitAttrition and UnitDeserted name the unit
  ---
  duration_ms: 0.170651
  type: 'test'
  ...
# Subtest: UpkeepUnpaid names the unit
ok 299 - UpkeepUnpaid names the unit
  ---
  duration_ms: 0.09313
  type: 'test'
  ...
# Subtest: UnitLostAtSea names the unit
ok 300 - UnitLostAtSea names the unit
  ---
  duration_ms: 0.095442
  type: 'test'
  ...
# Subtest: UnitRecalled and UnitRedirected name the unit
ok 301 - UnitRecalled and UnitRedirected name the unit
  ---
  duration_ms: 0.099265
  type: 'test'
  ...
# Subtest: OrderFailed prefixes the named unit when present
ok 302 - OrderFailed prefixes the named unit when present
  ---
  duration_ms: 0.093438
  type: 'test'
  ...
# Subtest: caravan seizure notices name the cargo when the payload carries it
ok 303 - caravan seizure notices name the cargo when the payload carries it
  ---
  duration_ms: 0.159883
  type: 'test'
  ...
# Subtest: naval seizure notices tell the truth about each ship outcome, never claiming cargo nobody got
ok 304 - naval seizure notices tell the truth about each ship outcome, never claiming cargo nobody got
  ---
  duration_ms: 0.166273
  type: 'test'
  ...
# Subtest: ShipCaptured/ShipLost/ShipStranded read correctly
ok 305 - ShipCaptured/ShipLost/ShipStranded read correctly
  ---
  duration_ms: 0.092599
  type: 'test'
  ...
# Subtest: ForeignMarchSightedV2 says which way — never where — and an arrival only if bound for you
ok 306 - ForeignMarchSightedV2 says which way — never where — and an arrival only if bound for you
  ---
  duration_ms: 0.151612
  type: 'test'
  ...
# Subtest: OrderFailed never shows the raw server verb key
ok 307 - OrderFailed never shows the raw server verb key
  ---
  duration_ms: 0.122835
  type: 'test'
  ...
# Subtest: ShipDamaged and ShipRepaired name the ship over the bare type
ok 308 - ShipDamaged and ShipRepaired name the ship over the bare type
  ---
  duration_ms: 0.107697
  type: 'test'
  ...
# Subtest: insufficient_goods with one missing good names it with need and have
ok 309 - insufficient_goods with one missing good names it with need and have
  ---
  duration_ms: 0.158547
  type: 'test'
  ...
# Subtest: insufficient_goods with several missing goods lists every one
ok 310 - insufficient_goods with several missing goods lists every one
  ---
  duration_ms: 0.134967
  type: 'test'
  ...
# Subtest: insufficient_goods rounds fractional need/have so a lazy-eval float never reaches the eye
ok 311 - insufficient_goods rounds fractional need/have so a lazy-eval float never reaches the eye
  ---
  duration_ms: 0.116179
  type: 'test'
  ...
# Subtest: insufficient_goods with an empty missing array falls back to data.error
ok 312 - insufficient_goods with an empty missing array falls back to data.error
  ---
  duration_ms: 0.090245
  type: 'test'
  ...
# Subtest: a different error code is passed through untouched
ok 313 - a different error code is passed through untouched
  ---
  duration_ms: 0.091867
  type: 'test'
  ...
# Subtest: an empty response body (fetchAuth catch-guard) falls back to the fallback string
ok 314 - an empty response body (fetchAuth catch-guard) falls back to the fallback string
  ---
  duration_ms: 0.090653
  type: 'test'
  ...
# Subtest: MessengerArrival names the sender and the city it reached
ok 315 - MessengerArrival names the sender and the city it reached
  ---
  duration_ms: 0.110092
  type: 'test'
  ...
# Subtest: MessengerArrival with an offer states the bargain, both directions
ok 316 - MessengerArrival with an offer states the bargain, both directions
  ---
  duration_ms: 0.139793
  type: 'test'
  ...
# Subtest: MessengerReturned says whether an answer came back
ok 317 - MessengerReturned says whether an answer came back
  ---
  duration_ms: 0.107732
  type: 'test'
  ...
# Subtest: HexTaken names taker, hex, loser, idle workers and the building
ok 318 - HexTaken names taker, hex, loser, idle workers and the building
  ---
  duration_ms: 0.102587
  type: 'test'
  ...
# Subtest: HexTaken omits the building clause when none stood there and singularises
ok 319 - HexTaken omits the building clause when none stood there and singularises
  ---
  duration_ms: 0.111854
  type: 'test'
  ...
# Subtest: purseLine: full purse, short purse, empty purse, no purse
ok 320 - purseLine: full purse, short purse, empty purse, no purse
  ---
  duration_ms: 0.183554
  type: 'test'
  ...
# Subtest: agora_ready directs to Account and ignores unexpected secret fields
ok 321 - agora_ready directs to Account and ignores unexpected secret fields
  ---
  duration_ms: 0.185963
  type: 'test'
  ...
# Subtest: notifText: ExpeditionTurnedHome says why it turned
ok 322 - notifText: ExpeditionTurnedHome says why it turned
  ---
  duration_ms: 0.118588
  type: 'test'
  ...
# Subtest: notifText: ExpeditionReport groups finds and names cities
ok 323 - notifText: ExpeditionReport groups finds and names cities
  ---
  duration_ms: 0.248792
  type: 'test'
  ...
# Subtest: notifText: ExpeditionReport with no finds is a report, not a blank
ok 324 - notifText: ExpeditionReport with no finds is a report, not a blank
  ---
  duration_ms: 0.138172
  type: 'test'
  ...
# Subtest: ShipFoundered: names the ship, the hex and the cargo lost with her
ok 325 - ShipFoundered: names the ship, the hex and the cargo lost with her
  ---
  duration_ms: 8.051642
  type: 'test'
  ...
# Subtest: ShipFoundered: drowned troops are named
ok 326 - ShipFoundered: drowned troops are named
  ---
  duration_ms: 0.1689
  type: 'test'
  ...
# Subtest: ShipStormDamaged: reads as hull left, not as a loss
ok 327 - ShipStormDamaged: reads as hull left, not as a loss
  ---
  duration_ms: 0.11261
  type: 'test'
  ...
# Subtest: gift notices preserve exact credited and lost quantities and changed owner
ok 328 - gift notices preserve exact credited and lost quantities and changed owner
  ---
  duration_ms: 2.429145
  type: 'test'
  ...
# Subtest: actual Diplomacy drawer places gift among letters with escaped text and no offer controls
ok 329 - actual Diplomacy drawer places gift among letters with escaped text and no offer controls
  ---
  duration_ms: 27.144574
  type: 'test'
  ...
# Subtest: actual Transfer destination loader shows foreign owner and protects replacement form from late response
ok 330 - actual Transfer destination loader shows foreign owner and protects replacement form from late response
  ---
  duration_ms: 1.076643
  type: 'test'
  ...
# Subtest: gift formatter reads returned_quantity from a real PostgreSQL/scan/arrival payload
ok 331 - gift formatter reads returned_quantity from a real PostgreSQL/scan/arrival payload
  ---
  duration_ms: 0.410648
  type: 'test'
  ...
# Subtest: an own unit on the march says where it left from and where it is going
ok 332 - an own unit on the march says where it left from and where it is going
  ---
  duration_ms: 1.56329
  type: 'test'
  ...
# Subtest: an own unit standing still is just its name
ok 333 - an own unit standing still is just its name
  ---
  duration_ms: 1.333977
  type: 'test'
  ...
# Subtest: a foreign march shows its heading, never its destination
ok 334 - a foreign march shows its heading, never its destination
  ---
  duration_ms: 0.190253
  type: 'test'
  ...
# Subtest: a foreign unit says what it is called and whose it is
ok 335 - a foreign unit says what it is called and whose it is
  ---
  duration_ms: 2.545438
  type: 'test'
  ...
# Subtest: a caravan's cargo is shown only to its sender and recipient
ok 336 - a caravan's cargo is shown only to its sender and recipient
  ---
  duration_ms: 0.278164
  type: 'test'
  ...
# Subtest: runners: your own shows its route, a stranger's only whose it is
ok 337 - runners: your own shows its route, a stranger's only whose it is
  ---
  duration_ms: 0.154175
  type: 'test'
  ...
# Subtest: K: inline result is plain text, persistent, accessible and replaces the previous result
ok 338 - K: inline result is plain text, persistent, accessible and replaces the previous result
  ---
  duration_ms: 1.162568
  type: 'test'
  ...
# Subtest: K: abandon opening and cancelling never dispatch, confirmation dispatches once
ok 339 - K: abandon opening and cancelling never dispatch, confirmation dispatches once
  ---
  duration_ms: 0.377126
  type: 'test'
  ...
# Subtest: forecast reads the exact order with GET, including landing and stance
ok 340 - forecast reads the exact order with GET, including landing and stance
  ---
  duration_ms: 1.295536
  type: 'test'
  ...
# Subtest: redirect and courier never masquerade as immediate arrival
ok 341 - redirect and courier never masquerade as immediate arrival
  ---
  duration_ms: 1.694686
  type: 'test'
  ...
# Subtest: each selected unit keeps its own arrival; names and API errors are escaped
ok 342 - each selected unit keeps its own arrival; names and API errors are escaped
  ---
  duration_ms: 29.59109
  type: 'test'
  ...
# Subtest: changing destination discards old response even during debounce; close cancels
ok 343 - changing destination discards old response even during debounce; close cancels
  ---
  duration_ms: 46.136532
  type: 'test'
  ...
# Subtest: AK1: a group of one wears its own name, not the bare type
ok 344 - AK1: a group of one wears its own name, not the bare type
  ---
  duration_ms: 1.926325
  type: 'test'
  ...
# Subtest: AK2: the field unit keeps its (q,r) tag — the name says who supports it, the tag says where it stands
ok 345 - AK2: the field unit keeps its (q,r) tag — the name says who supports it, the tag says where it stands
  ---
  duration_ms: 0.269133
  type: 'test'
  ...
# Subtest: AK3: a garrisoned unit does not say its town twice
ok 346 - AK3: a garrisoned unit does not say its town twice
  ---
  duration_ms: 0.276331
  type: 'test'
  ...
# Subtest: AK4: a group of several keeps the type label and lists its members in send order
ok 347 - AK4: a group of several keeps the type label and lists its members in send order
  ---
  duration_ms: 0.852919
  type: 'test'
  ...
# Subtest: AK5: a lone unit gets no member list — the label already names it
ok 348 - AK5: a lone unit gets no member list — the label already names it
  ---
  duration_ms: 0.202775
  type: 'test'
  ...
# Subtest: AK6: units at different places stay different groups
ok 349 - AK6: units at different places stay different groups
  ---
  duration_ms: 0.149139
  type: 'test'
  ...
# Subtest: AK7: a missing display_name falls back to the type label, never a blank row
ok 350 - AK7: a missing display_name falls back to the type label, never a blank row
  ---
  duration_ms: 0.379835
  type: 'test'
  ...
# Subtest: AK8: a hostile unit name is escaped, not injected
ok 351 - AK8: a hostile unit name is escaped, not injected
  ---
  duration_ms: 0.24713
  type: 'test'
  ...
# Subtest: MI1: sea target is always explore, regardless of the checkbox
ok 352 - MI1: sea target is always explore, regardless of the checkbox
  ---
  duration_ms: 0.396905
  type: 'test'
  ...
# Subtest: MI2: an unseen (fog) land target is always explore — the only intent the server FOW rule allows there
ok 353 - MI2: an unseen (fog) land target is always explore — the only intent the server FOW rule allows there
  ---
  duration_ms: 0.437799
  type: 'test'
  ...
# Subtest: MI3: a known land target is a plain march by default
ok 354 - MI3: a known land target is a plain march by default
  ---
  duration_ms: 0.190997
  type: 'test'
  ...
# Subtest: MI4: a known land target explores when the player opts in
ok 355 - MI4: a known land target explores when the player opts in
  ---
  duration_ms: 0.110904
  type: 'test'
  ...
# Subtest: MI5: exploreRowVisible offers the checkbox on land, never on sea or a settlement
ok 356 - MI5: exploreRowVisible offers the checkbox on land, never on sea or a settlement
  ---
  duration_ms: 0.116284
  type: 'test'
  ...
# Subtest: AK9: a garrisoned/positioned unit is eligible to march
ok 357 - AK9: a garrisoned/positioned unit is eligible to march
  ---
  duration_ms: 0.094308
  type: 'test'
  ...
# Subtest: AK10: a marching unit is eligible too — but for redirect, not a fresh march
ok 358 - AK10: a marching unit is eligible too — but for redirect, not a fresh march
  ---
  duration_ms: 0.086192
  type: 'test'
  ...
# Subtest: R3 (megaron_plan_skeppsuppdrag_landsatt.md): a marching SHIP is not eligible for redirect — it takes no orders at sea
ok 359 - R3 (megaron_plan_skeppsuppdrag_landsatt.md): a marching SHIP is not eligible for redirect — it takes no orders at sea
  ---
  duration_ms: 0.104016
  type: 'test'
  ...
# Subtest: AK11: a fortified unit stays ineligible (server blocks fresh march on it)
ok 360 - AK11: a fortified unit stays ineligible (server blocks fresh march on it)
  ---
  duration_ms: 0.089362
  type: 'test'
  ...
# Subtest: AK12: a still-forming/training unit stays ineligible even while nominally marching-shaped
ok 361 - AK12: a still-forming/training unit stays ineligible even while nominally marching-shaped
  ---
  duration_ms: 0.088221
  type: 'test'
  ...
# Subtest: AK13: a unit embarked/disbanded/other status is ineligible
ok 362 - AK13: a unit embarked/disbanded/other status is ineligible
  ---
  duration_ms: 0.088221
  type: 'test'
  ...
# Subtest: AK14: marching and garrisoned units of the same type+hex stay in SEPARATE groups — a redirect send must never merge with a fresh-march send
ok 363 - AK14: marching and garrisoned units of the same type+hex stay in SEPARATE groups — a redirect send must never merge with a fresh-march send
  ---
  duration_ms: 0.202602
  type: 'test'
  ...
# Subtest: AK15: a redirect group is marked in its label — the player must see this send goes to a Runner
ok 364 - AK15: a redirect group is marked in its label — the player must see this send goes to a Runner
  ---
  duration_ms: 0.135064
  type: 'test'
  ...
# Subtest: H: defaults send all available units in the chosen first group, other groups stay unselected
ok 365 - H: defaults send all available units in the chosen first group, other groups stay unselected
  ---
  duration_ms: 0.147104
  type: 'test'
  ...
# Subtest: H: War target selection lists only the selected unit; normal map menu keeps all eligible units
ok 366 - H: War target selection lists only the selected unit; normal map menu keeps all eligible units
  ---
  duration_ms: 0.300112
  type: 'test'
  ...
# Subtest: H: a loaded ship can land on known land, while empty and marching ships cannot
ok 367 - H: a loaded ship can land on known land, while empty and marching ships cannot
  ---
  duration_ms: 0.305258
  type: 'test'
  ...
# Subtest: H: landing preserves cargo-colonize/name and omits naval stance; explore and plain land retain options
ok 368 - H: landing preserves cargo-colonize/name and omits naval stance; explore and plain land retain options
  ---
  duration_ms: 0.224078
  type: 'test'
  ...
# Subtest: H: colony forecast keeps production and food duration in game-day words
ok 369 - H: colony forecast keeps production and food duration in game-day words
  ---
  duration_ms: 12.419843
  type: 'test'
  ...
# Subtest: AK1: monthLabel appends the 1..12 ordinal for an ordinary month
ok 370 - AK1: monthLabel appends the 1..12 ordinal for an ordinary month
  ---
  duration_ms: 1.275341
  type: 'test'
  ...
# Subtest: AK2: monthLabel gives the intercalary Shadow Days no ordinal
ok 371 - AK2: monthLabel gives the intercalary Shadow Days no ordinal
  ---
  duration_ms: 0.324874
  type: 'test'
  ...
# Subtest: AK3 (regression): the notification drawer date header carries the ordinal for a normal month
ok 372 - AK3 (regression): the notification drawer date header carries the ordinal for a normal month
  ---
  duration_ms: 0.162604
  type: 'test'
  ...
# Subtest: MC1: nothing playing — a cue is allowed
ok 373 - MC1: nothing playing — a cue is allowed
  ---
  duration_ms: 0.158498
  type: 'test'
  ...
# Subtest: MC2: a higher-priority cue replaces a lower one (doom > war > victory)
ok 374 - MC2: a higher-priority cue replaces a lower one (doom > war > victory)
  ---
  duration_ms: 0.20969
  type: 'test'
  ...
# Subtest: MC3: a lower-or-equal-priority cue is dropped while one is already playing
ok 375 - MC3: a lower-or-equal-priority cue is dropped while one is already playing
  ---
  duration_ms: 0.130443
  type: 'test'
  ...
# Subtest: MC4: the same cue name within 10 minutes is dropped, and allowed again after
ok 376 - MC4: the same cue name within 10 minutes is dropped, and allowed again after
  ---
  duration_ms: 0.215391
  type: 'test'
  ...
# Subtest: MC5: muted, or not yet started (no user gesture), drops the cue
ok 377 - MC5: muted, or not yet started (no user gesture), drops the cue
  ---
  duration_ms: 0.137907
  type: 'test'
  ...
# Subtest: IH1: a valid, fresh handoff returns its pos
ok 378 - IH1: a valid, fresh handoff returns its pos
  ---
  duration_ms: 0.979939
  type: 'test'
  ...
# Subtest: IH2: missing or unparseable JSON returns null
ok 379 - IH2: missing or unparseable JSON returns null
  ---
  duration_ms: 0.42153
  type: 'test'
  ...
# Subtest: IH3: a negative or non-finite pos returns null
ok 380 - IH3: a negative or non-finite pos returns null
  ---
  duration_ms: 0.196222
  type: 'test'
  ...
# Subtest: IH4: an `at` older than 120s returns null, exactly-fresh does not
ok 381 - IH4: an `at` older than 120s returns null, exactly-fresh does not
  ---
  duration_ms: 0.140121
  type: 'test'
  ...
# Subtest: BR1: nextBedTrack never repeats the track that just ended
ok 382 - BR1: nextBedTrack never repeats the track that just ended
  ---
  duration_ms: 0.324879
  type: 'test'
  ...
# Subtest: BR2: nextBedTrack with one track returns it, and with no last picks from all
ok 383 - BR2: nextBedTrack with one track returns it, and with no last picks from all
  ---
  duration_ms: 0.110535
  type: 'test'
  ...
# Subtest: BR4: nextBedTrack never lets a piece follow itself in its other timbre
ok 384 - BR4: nextBedTrack never lets a piece follow itself in its other timbre
  ---
  duration_ms: 0.187614
  type: 'test'
  ...
# Subtest: BR3: bedGapMs stays within 30–90 s at both ends
ok 385 - BR3: bedGapMs stays within 30–90 s at both ends
  ---
  duration_ms: 0.109698
  type: 'test'
  ...
# Subtest: an ordinary own march is outgoing — read from the unit layer, not marching_armies
ok 386 - an ordinary own march is outgoing — read from the unit layer, not marching_armies
  ---
  duration_ms: 1.767956
  type: 'test'
  ...
# Subtest: a sighted foreign march that seems bound for an own city is incoming, as an estimate
ok 387 - a sighted foreign march that seems bound for an own city is incoming, as an estimate
  ---
  duration_ms: 1.412536
  type: 'test'
  ...
# Subtest: legacy marching_armies rows (recall) still show, sorted by arrival with unit marches
ok 388 - legacy marching_armies rows (recall) still show, sorted by arrival with unit marches
  ---
  duration_ms: 11.32415
  type: 'test'
  ...
# Subtest: the map glow lights own cities a foreign march seems bound for — never a march elsewhere
ok 389 - the map glow lights own cities a foreign march seems bound for — never a march elsewhere
  ---
  duration_ms: 0.339106
  type: 'test'
  ...
# Subtest: a legacy recall column onto an own province is no threat
ok 390 - a legacy recall column onto an own province is no threat
  ---
  duration_ms: 0.176532
  type: 'test'
  ...
# Subtest: Recall all attempts every marching unit despite a refusal
ok 391 - Recall all attempts every marching unit despite a refusal
  ---
  duration_ms: 1.998251
  type: 'test'
  ...
# Subtest: no marching units means disabled button and no recall requests
ok 392 - no marching units means disabled button and no recall requests
  ---
  duration_ms: 0.226134
  type: 'test'
  ...
# Subtest: a transport failure names that unit and continues to later units
ok 393 - a transport failure names that unit and continues to later units
  ---
  duration_ms: 0.353196
  type: 'test'
  ...
# Subtest: presets: the label names the losses, the value is the strength left
ok 394 - presets: the label names the losses, the value is the strength left
  ---
  duration_ms: 1.615459
  type: 'test'
  ...
# Subtest: retreatBody: each mode maps to exactly one API field
ok 395 - retreatBody: each mode maps to exactly one API field
  ---
  duration_ms: 0.283593
  type: 'test'
  ...
# Subtest: retreatDefaultValue/Label: the GET body reads back as the chosen option
ok 396 - retreatDefaultValue/Label: the GET body reads back as the chosen option
  ---
  duration_ms: 0.189658
  type: 'test'
  ...
# Subtest: section: current value selected, says it only reaches battles entered from now on
ok 397 - section: current value selected, says it only reaches battles entered from now on
  ---
  duration_ms: 0.395342
  type: 'test'
  ...
# Subtest: section: a custom keryx threshold gets its own selected option
ok 398 - section: a custom keryx threshold gets its own selected option
  ---
  duration_ms: 1.632745
  type: 'test'
  ...
# Subtest: section: a failed read says so rather than showing the default as if it were set
ok 399 - section: a failed read says so rather than showing the default as if it were set
  ---
  duration_ms: 0.184528
  type: 'test'
  ...
# Subtest: per-unit control: only while the unit is fighting, and it says "this battle"
ok 400 - per-unit control: only while the unit is fighting, and it says "this battle"
  ---
  duration_ms: 0.295256
  type: 'test'
  ...
# Subtest: outbox: an outbound runner on the road shows its arrival, never the raw status
ok 401 - outbox: an outbound runner on the road shows its arrival, never the raw status
  ---
  duration_ms: 14.023483
  type: 'test'
  ...
# Subtest: outbox: a runner waiting in port names the port, not a past arrival
ok 402 - outbox: a runner waiting in port names the port, not a past arrival
  ---
  duration_ms: 0.319081
  type: 'test'
  ...
# Subtest: outbox: a runner aboard names its ship
ok 403 - outbox: a runner aboard names its ship
  ---
  duration_ms: 0.608948
  type: 'test'
  ...
# Subtest: outbox: delivered, returning, arrived each read as what they are
ok 404 - outbox: delivered, returning, arrived each read as what they are
  ---
  duration_ms: 0.422596
  type: 'test'
  ...
# Subtest: outbox: a returning runner waiting for a ship home says so
ok 405 - outbox: a returning runner waiting for a ship home says so
  ---
  duration_ms: 0.238921
  type: 'test'
  ...
# Subtest: outbox: a sealed runner (ship lost) is not shown as arriving
ok 406 - outbox: a sealed runner (ship lost) is not shown as arriving
  ---
  duration_ms: 0.141604
  type: 'test'
  ...
# Subtest: outbox: a port name is escaped
ok 407 - outbox: a port name is escaped
  ---
  duration_ms: 0.124624
  type: 'test'
  ...
# Subtest: order card: a runner waiting for a ship never claims to be carrying the order
ok 408 - order card: a runner waiting for a ship never claims to be carrying the order
  ---
  duration_ms: 0.175395
  type: 'test'
  ...
# Subtest: order card: the ordinary land runner keeps its two states
ok 409 - order card: the ordinary land runner keeps its two states
  ---
  duration_ms: 0.687565
  type: 'test'
  ...
# Subtest: T2: rescue uncertainty says no word without an ETA or carrier hint
ok 410 - T2: rescue uncertainty says no word without an ETA or carrier hint
  ---
  duration_ms: 0.482479
  type: 'test'
  ...
# Subtest: Enter with nothing selected (idx -1) acts on the first hit
ok 411 - Enter with nothing selected (idx -1) acts on the first hit
  ---
  duration_ms: 1.01177
  type: 'test'
  ...
# Subtest: Enter with an arrow-selected row acts on that row
ok 412 - Enter with an arrow-selected row acts on that row
  ---
  duration_ms: 0.115403
  type: 'test'
  ...
# Subtest: Enter with no results acts on nothing
ok 413 - Enter with no results acts on nothing
  ---
  duration_ms: 0.128449
  type: 'test'
  ...
# Subtest: a stale selection past the end falls back to the first hit
ok 414 - a stale selection past the end falls back to the first hit
  ---
  duration_ms: 0.087878
  type: 'test'
  ...
# Subtest: AK1: import does not touch DOM/window before this point (proven by reaching here)
ok 415 - AK1: import does not touch DOM/window before this point (proven by reaching here)
  ---
  duration_ms: 0.600614
  type: 'test'
  ...
# Subtest: AK2: centreOn moves State.camera without throwing against a headless canvas
ok 416 - AK2: centreOn moves State.camera without throwing against a headless canvas
  ---
  duration_ms: 0.283592
  type: 'test'
  ...
# Subtest: searches received letters by text and either city, case-insensitively
ok 417 - searches received letters by text and either city, case-insensitively
  ---
  duration_ms: 1.190623
  type: 'test'
  ...
# Subtest: searches rumours by text, region and category without exposing coordinates
ok 418 - searches rumours by text, region and category without exposing coordinates
  ---
  duration_ms: 0.307356
  type: 'test'
  ...
# Subtest: blank query and nonmatches add no rows; untrusted sender and region are escaped
ok 419 - blank query and nonmatches add no rows; untrusted sender and region are escaped
  ---
  duration_ms: 0.235665
  type: 'test'
  ...
# Subtest: loads only current-world inbox and gossip using supplied authenticated reader
ok 420 - loads only current-world inbox and gossip using supplied authenticated reader
  ---
  duration_ms: 0.79767
  type: 'test'
  ...
# Subtest: partial API failure preserves the other source and reports missing results
ok 421 - partial API failure preserves the other source and reports missing results
  ---
  duration_ms: 0.815925
  type: 'test'
  ...
# Subtest: HTTP failure or invalid response is not reported as a successful empty inbox
ok 422 - HTTP failure or invalid response is not reported as a successful empty inbox
  ---
  duration_ms: 0.347363
  type: 'test'
  ...
# Subtest: null SQL aggregate responses are valid empty results
ok 423 - null SQL aggregate responses are valid empty results
  ---
  duration_ms: 0.400218
  type: 'test'
  ...
# Subtest: SX1: muting the music mutes the war sounds — one control for all audio
ok 424 - SX1: muting the music mutes the war sounds — one control for all audio
  ---
  duration_ms: 2.300179
  type: 'test'
  ...
# Subtest: SX2: the same sound will not stack on itself within the throttle window
ok 425 - SX2: the same sound will not stack on itself within the throttle window
  ---
  duration_ms: 0.225805
  type: 'test'
  ...
# Subtest: SX3: the horn and the clash throttle independently — an order during a battle is still heard
ok 426 - SX3: the horn and the clash throttle independently — an order during a battle is still heard
  ---
  duration_ms: 0.140603
  type: 'test'
  ...
# Subtest: SX4: a refused play does NOT arm the window — it stays refused, not re-armed by asking
ok 427 - SX4: a refused play does NOT arm the window — it stays refused, not re-armed by asking
  ---
  duration_ms: 0.132641
  type: 'test'
  ...
# Subtest: SX5: with no WebAudio (the Node case, and an old browser) the sounds are silent no-ops, never throws
ok 428 - SX5: with no WebAudio (the Node case, and an old browser) the sounds are silent no-ops, never throws
  ---
  duration_ms: 0.407661
  type: 'test'
  ...
# Subtest: SX6: mute survives across sound kinds and is readable
ok 429 - SX6: mute survives across sound kinds and is readable
  ---
  duration_ms: 0.134396
  type: 'test'
  ...
# Subtest: SX-A1: arrivals get the arrival call, other dispatches a chime, own-sound kinds nothing extra
ok 430 - SX-A1: arrivals get the arrival call, other dispatches a chime, own-sound kinds nothing extra
  ---
  duration_ms: 0.316101
  type: 'test'
  ...
# Subtest: SX-A2: the chime and the arrival call are throttled independently and obey mute
ok 431 - SX-A2: the chime and the arrival call are throttled independently and obey mute
  ---
  duration_ms: 0.138588
  type: 'test'
  ...
# Subtest: SX-M1: musicCueFor routes ForeignMarchSighted to war only when it threatens a settlement
ok 432 - SX-M1: musicCueFor routes ForeignMarchSighted to war only when it threatens a settlement
  ---
  duration_ms: 0.548055
  type: 'test'
  ...
# Subtest: SX-M2: musicCueFor routes capture/occupation by role
ok 433 - SX-M2: musicCueFor routes capture/occupation by role
  ---
  duration_ms: 0.50999
  type: 'test'
  ...
# Subtest: SX-M3: everything else — including BattleWon/BattleLost, which keep only their clash SFX — routes to no cue
ok 434 - SX-M3: everything else — including BattleWon/BattleLost, which keep only their clash SFX — routes to no cue
  ---
  duration_ms: 0.263838
  type: 'test'
  ...
# Subtest: SX-M1b: the V2 sighting routes to war only when it seems bound for your lands
ok 435 - SX-M1b: the V2 sighting routes to war only when it seems bound for your lands
  ---
  duration_ms: 0.193065
  type: 'test'
  ...
# Subtest: canTakeStance: a marching land unit can take a stance, a ship never
ok 436 - canTakeStance: a marching land unit can take a stance, a ship never
  ---
  duration_ms: 0.910863
  type: 'test'
  ...
# Subtest: stanceSentLine: a marching unit — the messenger must catch up, where and when
ok 437 - stanceSentLine: a marching unit — the messenger must catch up, where and when
  ---
  duration_ms: 0.319515
  type: 'test'
  ...
# Subtest: stanceSentLine: no messenger can overtake — it follows the unit to its destination
ok 438 - stanceSentLine: no messenger can overtake — it follows the unit to its destination
  ---
  duration_ms: 0.18319
  type: 'test'
  ...
# Subtest: stanceSentLine: a standing field unit keeps the plain receipt
ok 439 - stanceSentLine: a standing field unit keeps the plain receipt
  ---
  duration_ms: 0.151877
  type: 'test'
  ...
# Subtest: I: missing or invalid arrival never prints Invalid Date or NaNm
ok 440 - I: missing or invalid arrival never prints Invalid Date or NaNm
  ---
  duration_ms: 0.760026
  type: 'test'
  ...
# Subtest: I: authoritative tick still works without ISO and overrides invalid ISO
ok 441 - I: authoritative tick still works without ISO and overrides invalid ISO
  ---
  duration_ms: 13.02446
  type: 'test'
  ...
# Subtest: I: valid ISO fallback still has arrival and completed wording
ok 442 - I: valid ISO fallback still has arrival and completed wording
  ---
  duration_ms: 0.350003
  type: 'test'
  ...
# Subtest: P: garrison shows March and eligible Reinforce; stance and battle retreat are directly available
ok 443 - P: garrison shows March and eligible Reinforce; stance and battle retreat are directly available
  ---
  duration_ms: 10.267852
  type: 'test'
  ...
# Subtest: P: marching land has Recall, stance and typed redirect directly available
ok 444 - P: marching land has Recall, stance and typed redirect directly available
  ---
  duration_ms: 0.25904
  type: 'test'
  ...
# Subtest: P: positioned units remain orderable and fetch uses server-provided ships
ok 445 - P: positioned units remain orderable and fetch uses server-provided ships
  ---
  duration_ms: 0.143827
  type: 'test'
  ...
# Subtest: P: naval loading unloading and repair are directly available; at sea has no recall or redirect
ok 446 - P: naval loading unloading and repair are directly available; at sea has no recall or redirect
  ---
  duration_ms: 0.373073
  type: 'test'
  ...
# Subtest: P: forming training embarked repairing and freight do not offer inapplicable orders
ok 447 - P: forming training embarked repairing and freight do not offer inapplicable orders
  ---
  duration_ms: 0.326782
  type: 'test'
  ...
# Subtest: P: every server lifecycle status has a player label; unknown status never leaks raw jargon
ok 448 - P: every server lifecycle status has a player label; unknown status never leaks raw jargon
  ---
  duration_ms: 0.132979
  type: 'test'
  ...
# Subtest: P: ships off the coast take no March while a city remains, but keep the R6 stranded exception
ok 449 - P: ships off the coast take no March while a city remains, but keep the R6 stranded exception
  ---
  duration_ms: 0.165422
  type: 'test'
  ...
# Subtest: P: numeric values and missing ETA guards survive the restoration
ok 450 - P: numeric values and missing ETA guards survive the restoration
  ---
  duration_ms: 0.282028
  type: 'test'
  ...
1..450
# tests 450
# suites 0
# pass 450
# fail 0
# cancelled 0
# skipped 0
# todo 0
# duration_ms 473.525646
