TAP version 13
# Subtest: AK1: main.js importeras (bakgrunds-bootstrap misslyckas tyst mot en stubbad 401) utan att krascha
ok 1 - AK1: main.js importeras (bakgrunds-bootstrap misslyckas tyst mot en stubbad 401) utan att krascha
  ---
  duration_ms: 1.101228
  type: 'test'
  ...
# Subtest: AK2: att öppna EN GODTYCKLIG drawer stänger inspect-panelen och nollställer State.selectedHex
ok 2 - AK2: att öppna EN GODTYCKLIG drawer stänger inspect-panelen och nollställer State.selectedHex
  ---
  duration_ms: 0.505826
  type: 'test'
  ...
# Subtest: AK3: drawer-chrome öppnas som vanligt — closeInspect stör inte den normala vägen
ok 3 - AK3: drawer-chrome öppnas som vanligt — closeInspect stör inte den normala vägen
  ---
  duration_ms: 0.234349
  type: 'test'
  ...
# Subtest: AK4: stänger man drawern igen kommer panelen INTE tillbaka (den var riktigt stängd, inte bara dold bakom z-index)
ok 4 - AK4: stänger man drawern igen kommer panelen INTE tillbaka (den var riktigt stängd, inte bara dold bakom z-index)
  ---
  duration_ms: 0.222356
  type: 'test'
  ...
# Subtest: AK1: at ZOOM_MIN, a further zoom-out step leaves camera bit-identical
ok 5 - AK1: at ZOOM_MIN, a further zoom-out step leaves camera bit-identical
  ---
  duration_ms: 2.312289
  type: 'test'
  ...
# Subtest: AK2: at ZOOM_MAX, a further zoom-in step leaves camera bit-identical
ok 6 - AK2: at ZOOM_MAX, a further zoom-in step leaves camera bit-identical
  ---
  duration_ms: 0.269596
  type: 'test'
  ...
# Subtest: AK3 (regression): an unclamped step matches the pre-fix arithmetic exactly
ok 7 - AK3 (regression): an unclamped step matches the pre-fix arithmetic exactly
  ---
  duration_ms: 0.176534
  type: 'test'
  ...
# Subtest: AK4: a partially-clamped step translates by the EFFECTIVE factor, not the requested one
ok 8 - AK4: a partially-clamped step translates by the EFFECTIVE factor, not the requested one
  ---
  duration_ms: 0.189656
  type: 'test'
  ...
# Subtest: clampZoom bounds
ok 9 - clampZoom bounds
  ---
  duration_ms: 0.217706
  type: 'test'
  ...
# Subtest: PAN1: a camera already inside the world is left exactly where it was
ok 10 - PAN1: a camera already inside the world is left exactly where it was
  ---
  duration_ms: 0.198879
  type: 'test'
  ...
# Subtest: PAN2: panning past the near edge stops at the margin, not at infinity
ok 11 - PAN2: panning past the near edge stops at the margin, not at infinity
  ---
  duration_ms: 0.31336
  type: 'test'
  ...
# Subtest: PAN3: panning past the far edge stops there too
ok 12 - PAN3: panning past the far edge stops there too
  ---
  duration_ms: 0.136535
  type: 'test'
  ...
# Subtest: PAN4: the margin is in WORLD units — it scales with zoom, it is not a pixel frame
ok 13 - PAN4: the margin is in WORLD units — it scales with zoom, it is not a pixel frame
  ---
  duration_ms: 0.435584
  type: 'test'
  ...
# Subtest: PAN5: a world smaller than the viewport is centred, not shoved into a corner
ok 14 - PAN5: a world smaller than the viewport is centred, not shoved into a corner
  ---
  duration_ms: 0.440007
  type: 'test'
  ...
# Subtest: PAN6: an unloaded world (null bounds) leaves the camera untouched
ok 15 - PAN6: an unloaded world (null bounds) leaves the camera untouched
  ---
  duration_ms: 0.202132
  type: 'test'
  ...
# Subtest: PAN7: both axes are clamped — a bound on x only is not a bound
ok 16 - PAN7: both axes are clamped — a bound on x only is not a bound
  ---
  duration_ms: 0.118194
  type: 'test'
  ...
# Subtest: Founding actual map click: opening/cancel never sends; confirmed request is single and retains body/reload
ok 17 - Founding actual map click: opening/cancel never sends; confirmed request is single and retains body/reload
  ---
  duration_ms: 56.321833
  type: 'test'
  ...
# Subtest: Founding actual handler: server and network errors stay inline and allow retry
ok 18 - Founding actual handler: server and network errors stay inline and allow retry
  ---
  duration_ms: 4.704623
  type: 'test'
  ...
# Subtest: Q actual Host: only site assessment is primary and all existing detail stays in one closed Details
ok 19 - Q actual Host: only site assessment is primary and all existing detail stays in one closed Details
  ---
  duration_ms: 46.857205
  type: 'test'
  ...
# Subtest: Q actual Host: unrounded net and raw goods, not carried stocks or a new food formula, decide yes/no
ok 20 - Q actual Host: unrounded net and raw goods, not carried stocks or a new food formula, decide yes/no
  ---
  duration_ms: 4.435599
  type: 'test'
  ...
# Subtest: Q actual Host: produces restores on another hex and late forecast cannot overwrite that panel
ok 21 - Q actual Host: produces restores on another hex and late forecast cannot overwrite that panel
  ---
  duration_ms: 2.940404
  type: 'test'
  ...
# Subtest: Q actual Host: archived real colonize-preview with timber 8 must show Timber yes
ok 22 - Q actual Host: archived real colonize-preview with timber 8 must show Timber yes
  ---
  duration_ms: 10.31354
  type: 'test'
  ...
# Subtest: L actual inspect: owner and qualitative defence replace Culture/Walls/DP, actions keep IDs
ok 23 - L actual inspect: owner and qualitative defence replace Culture/Walls/DP, actions keep IDs
  ---
  duration_ms: 32.787417
  type: 'test'
  ...
# Subtest: L actual inspect: fog never exposes marker/army and late army reply cannot update a different panel
ok 24 - L actual inspect: fog never exposes marker/army and late army reply cannot update a different panel
  ---
  duration_ms: 1.997044
  type: 'test'
  ...
# Subtest: L actual Host: food and escort pay durations use exact game days in words, never wall time
ok 25 - L actual Host: food and escort pay durations use exact game days in words, never wall time
  ---
  duration_ms: 23.14356
  type: 'test'
  ...
# Subtest: workedHexesFromRoster: one marker per hex, dedup across gubbar/goods
ok 26 - workedHexesFromRoster: one marker per hex, dedup across gubbar/goods
  ---
  duration_ms: 1.918728
  type: 'test'
  ...
# Subtest: workedHexesFromRoster: spans settlements and tolerates empty/missing
ok 27 - workedHexesFromRoster: spans settlements and tolerates empty/missing
  ---
  duration_ms: 0.333254
  type: 'test'
  ...
# Subtest: catchment offsets cover the full radius-2 disc (19 hexes), not 7
ok 28 - catchment offsets cover the full radius-2 disc (19 hexes), not 7
  ---
  duration_ms: 0.432068
  type: 'test'
  ...
# Subtest: AK1: import does not touch DOM/window before this point (proven by reaching here)
ok 29 - AK1: import does not touch DOM/window before this point (proven by reaching here)
  ---
  duration_ms: 0.130979
  type: 'test'
  ...
# Subtest: AK2: panDelta normalizes a diagonal so W+D is not sqrt(2)x faster than one direction
ok 30 - AK2: panDelta normalizes a diagonal so W+D is not sqrt(2)x faster than one direction
  ---
  duration_ms: 0.222139
  type: 'test'
  ...
# Subtest: AK3: no keys held means no movement
ok 31 - AK3: no keys held means no movement
  ---
  duration_ms: 0.155398
  type: 'test'
  ...
# Subtest: messengerLegPosition: no leg set → null (today's flat interpolation applies)
ok 32 - messengerLegPosition: no leg set → null (today's flat interpolation applies)
  ---
  duration_ms: 0.320954
  type: 'test'
  ...
# Subtest: messengerLegPosition: to_port walks from origin to the port over the leg window
ok 33 - messengerLegPosition: to_port walks from origin to the port over the leg window
  ---
  duration_ms: 0.47739
  type: 'test'
  ...
# Subtest: messengerLegPosition: waiting stands still at the port
ok 34 - messengerLegPosition: waiting stands still at the port
  ---
  duration_ms: 0.413194
  type: 'test'
  ...
# Subtest: messengerLegPosition: sealed stands still at the port
ok 35 - messengerLegPosition: sealed stands still at the port
  ---
  duration_ms: 0.563815
  type: 'test'
  ...
# Subtest: messengerLegPosition: ashore walks from the disembark point to the true target
ok 36 - messengerLegPosition: ashore walks from the disembark point to the true target
  ---
  duration_ms: 0.27873
  type: 'test'
  ...
# Subtest: messengerLegPosition: aboard draws on a located carrier unit, ignoring the reserve leg
ok 37 - messengerLegPosition: aboard draws on a located carrier unit, ignoring the reserve leg
  ---
  duration_ms: 0.220077
  type: 'test'
  ...
# Subtest: messengerLegPosition: aboard draws on a located /trades transport when no unit matches
ok 38 - messengerLegPosition: aboard draws on a located /trades transport when no unit matches
  ---
  duration_ms: 0.23206
  type: 'test'
  ...
# Subtest: messengerLegPosition: aboard falls back to the server's reserve leg when no carrier is found client-side
ok 39 - messengerLegPosition: aboard falls back to the server's reserve leg when no carrier is found client-side
  ---
  duration_ms: 0.148372
  type: 'test'
  ...
# Subtest: U one pointer path registers no legacy mouse/touch handlers
ok 40 - U one pointer path registers no legacy mouse/touch handlers
  ---
  duration_ms: 1.521645
  type: 'test'
  ...
# Subtest: U mouse: tap selects once; drag pans and never selects even on release at last move
ok 41 - U mouse: tap selects once; drag pans and never selects even on release at last move
  ---
  duration_ms: 1.545888
  type: 'test'
  ...
# Subtest: U touch: tap selects once; drag pans and never selects even on release at last move
ok 42 - U touch: tap selects once; drag pans and never selects even on release at last move
  ---
  duration_ms: 0.272166
  type: 'test'
  ...
# Subtest: U pen: tap selects once; drag pans and never selects even on release at last move
ok 43 - U pen: tap selects once; drag pans and never selects even on release at last move
  ---
  duration_ms: 0.249067
  type: 'test'
  ...
# Subtest: U long touch/pen opens orders once, release never selects, browser menu is prevented
ok 44 - U long touch/pen opens orders once, release never selects, browser menu is prevented
  ---
  duration_ms: 0.459658
  type: 'test'
  ...
# Subtest: U motion cancels long press even if finger returns to its start
ok 45 - U motion cancels long press even if finger returns to its start
  ---
  duration_ms: 0.230042
  type: 'test'
  ...
# Subtest: U pinch uses moving midpoint, cancels long press and never becomes a tap after one finger lifts
ok 46 - U pinch uses moving midpoint, cancels long press and never becomes a tap after one finger lifts
  ---
  duration_ms: 0.357427
  type: 'test'
  ...
# Subtest: U pinch and wheel share zoom clamps and preserve the world anchor at both limits
ok 47 - U pinch and wheel share zoom clamps and preserve the world anchor at both limits
  ---
  duration_ms: 0.737544
  type: 'test'
  ...
# Subtest: U pointercancel cancels selection and pending long press
ok 48 - U pointercancel cancels selection and pending long press
  ---
  duration_ms: 0.461223
  type: 'test'
  ...
# Subtest: U lostpointercapture cancels selection and pending long press
ok 49 - U lostpointercapture cancels selection and pending long press
  ---
  duration_ms: 0.760007
  type: 'test'
  ...
# Subtest: U blur/hidden cleanup releases all captures and cancels timers; a fresh gesture still works
ok 50 - U blur/hidden cleanup releases all captures and cancels timers; a fresh gesture still works
  ---
  duration_ms: 1.680197
  type: 'test'
  ...
# Subtest: U mouse hover, leave, right-click and wheel retain their routes; right down never starts drag
ok 51 - U mouse hover, leave, right-click and wheel retain their routes; right down never starts drag
  ---
  duration_ms: 0.217315
  type: 'test'
  ...
# Subtest: only remembered hexes are desaturated; live, fog and absent tier stay untouched
ok 52 - only remembered hexes are desaturated; live, fog and absent tier stay untouched
  ---
  duration_ms: 2.101963
  type: 'test'
  ...
# Subtest: frontier spans are integer device pixels and clipped to viewport at fractional zoom
ok 53 - frontier spans are integer device pixels and clipped to viewport at fractional zoom
  ---
  duration_ms: 0.32001
  type: 'test'
  ...
# Subtest: empty memory makes no canvas change; failures restore canvas state
ok 54 - empty memory makes no canvas change; failures restore canvas state
  ---
  duration_ms: 0.512731
  type: 'test'
  ...
# Subtest: camera transform determines device pixel mask, including zoom and pan
ok 55 - camera transform determines device pixel mask, including zoom and pan
  ---
  duration_ms: 0.385378
  type: 'test'
  ...
# Subtest: enclosed lake behind the shore is not previewed (acceptance world (28,18))
ok 56 - enclosed lake behind the shore is not previewed (acceptance world (28,18))
  ---
  duration_ms: 1.295586
  type: 'test'
  ...
# Subtest: one land hex on the line blocks; open water reaches 4
ok 57 - one land hex on the line blocks; open water reaches 4
  ---
  duration_ms: 3.66912
  type: 'test'
  ...
# Subtest: fog between eye and sea blocks (never over-draw)
ok 58 - fog between eye and sea blocks (never over-draw)
  ---
  duration_ms: 0.206074
  type: 'test'
  ...
# Subtest: edge tie holds if either side is sea
ok 59 - edge tie holds if either side is sea
  ---
  duration_ms: 0.929063
  type: 'test'
  ...
# Subtest: chat disabled: no password action and no password POST
ok 60 - chat disabled: no password action and no password POST
  ---
  duration_ms: 51.720673
  type: 'test'
  ...
# Subtest: chat pending: no password action and no password POST
ok 61 - chat pending: no password action and no password POST
  ---
  duration_ms: 2.80112
  type: 'test'
  ...
# Subtest: chat provisioning: no password action and no password POST
ok 62 - chat provisioning: no password action and no password POST
  ---
  duration_ms: 1.53999
  type: 'test'
  ...
# Subtest: ready: only an explicit click requests a password; close erases it
ok 63 - ready: only an explicit click requests a password; close erases it
  ---
  duration_ms: 2.955088
  type: 'test'
  ...
# Subtest: close/reopen during password request discards the late secret
ok 64 - close/reopen during password request discards the late secret
  ---
  duration_ms: 2.704025
  type: 'test'
  ...
# Subtest: another request clears the first secret immediately; errors bypass diagnostics
ok 65 - another request clears the first secret immediately; errors bypass diagnostics
  ---
  duration_ms: 3.4714
  type: 'test'
  ...
# Subtest: sign out clears the displayed secret before navigation
ok 66 - sign out clears the displayed secret before navigation
  ---
  duration_ms: 2.19575
  type: 'test'
  ...
# Subtest: agora_ready dispatch opens Account rather than toggling an already open window
ok 67 - agora_ready dispatch opens Account rather than toggling an already open window
  ---
  duration_ms: 3.587078
  type: 'test'
  ...
# Subtest: ReadyRenderedLinkUsesConfiguredHomeserver
ok 68 - ReadyRenderedLinkUsesConfiguredHomeserver
  ---
  duration_ms: 5.84398
  type: 'test'
  ...
# Subtest: T2: loss dispatch renders the WHOLE frozen sealed letter and endpoints
ok 69 - T2: loss dispatch renders the WHOLE frozen sealed letter and endpoints
  ---
  duration_ms: 2.569578
  type: 'test'
  ...
# Subtest: T2: full trade and unit order terms survive rendering, including long contents
ok 70 - T2: full trade and unit order terms survive rendering, including long contents
  ---
  duration_ms: 1.646486
  type: 'test'
  ...
# Subtest: T2: rescue report names frozen ship and actual port after home return
ok 71 - T2: rescue report names frozen ship and actual port after home return
  ---
  duration_ms: 0.212146
  type: 'test'
  ...
# Subtest: T2: actual archived messenger_lost_trade.json preserves every sealed parameter
ok 72 - T2: actual archived messenger_lost_trade.json preserves every sealed parameter
  ---
  duration_ms: 0.300955
  type: 'test'
  ...
# Subtest: T2: actual archived messenger_lost_order.json preserves every sealed parameter
ok 73 - T2: actual archived messenger_lost_order.json preserves every sealed parameter
  ---
  duration_ms: 0.425918
  type: 'test'
  ...
# Subtest: T2: missing legacy departure day is explicit, never UTC or a guessed day
ok 74 - T2: missing legacy departure day is explicit, never UTC or a guessed day
  ---
  duration_ms: 0.163727
  type: 'test'
  ...
# Subtest: T2: frozen public persons come first in sealed envelope and headline
ok 75 - T2: frozen public persons come first in sealed envelope and headline
  ---
  duration_ms: 0.572488
  type: 'test'
  ...
# Subtest: T2: order recipient is your named unit at the original coordinates
ok 76 - T2: order recipient is your named unit at the original coordinates
  ---
  duration_ms: 0.357141
  type: 'test'
  ...
# Subtest: T2: missing public recipient stays unknown without guessing a login or UUID
ok 77 - T2: missing public recipient stays unknown without guessing a login or UUID
  ---
  duration_ms: 0.433068
  type: 'test'
  ...
# Subtest: T2: rescue sentence from frozen fields with one landing
ok 78 - T2: rescue sentence from frozen fields with one landing
  ---
  duration_ms: 0.427212
  type: 'test'
  ...
# Subtest: T2: rescue sentence from frozen fields with home landing
ok 79 - T2: rescue sentence from frozen fields with home landing
  ---
  duration_ms: 0.152678
  type: 'test'
  ...
# Subtest: T2: rescue sentence escapes frozen names for HTML display
ok 80 - T2: rescue sentence escapes frozen names for HTML display
  ---
  duration_ms: 0.127643
  type: 'test'
  ...
# Subtest: T2: multiple rescue ships and ports stay ordered without inventing a home port
ok 81 - T2: multiple rescue ships and ports stay ordered without inventing a home port
  ---
  duration_ms: 0.105507
  type: 'test'
  ...
# Subtest: AK1: import does not touch DOM/window before this point (proven by reaching here)
ok 82 - AK1: import does not touch DOM/window before this point (proven by reaching here)
  ---
  duration_ms: 0.947992
  type: 'test'
  ...
# Subtest: AK2: a positive count shows the number and reveals the badge
ok 83 - AK2: a positive count shows the number and reveals the badge
  ---
  duration_ms: 0.222773
  type: 'test'
  ...
# Subtest: AK3: a count over 99 caps the label at "99+"
ok 84 - AK3: a count over 99 caps the label at "99+"
  ---
  duration_ms: 0.118623
  type: 'test'
  ...
# Subtest: AK4: zero hides the badge
ok 85 - AK4: zero hides the badge
  ---
  duration_ms: 0.116545
  type: 'test'
  ...
# Subtest: urgencyTier: colour follows the server level, not the domain (Timothy 2026-09-25)
ok 86 - urgencyTier: colour follows the server level, not the domain (Timothy 2026-09-25)
  ---
  duration_ms: 0.265897
  type: 'test'
  ...
# Subtest: AK1: chips.js importeras utan att röra DOM/window före denna punkt
ok 87 - AK1: chips.js importeras utan att röra DOM/window före denna punkt
  ---
  duration_ms: 0.914527
  type: 'test'
  ...
# Subtest: AK2: "✕ all" är dold under 3 chips
ok 88 - AK2: "✕ all" är dold under 3 chips
  ---
  duration_ms: 1.735656
  type: 'test'
  ...
# Subtest: AK3: "✕ all" dyker upp vid exakt 3 chips (DISMISS_ALL_FROM)
ok 89 - AK3: "✕ all" dyker upp vid exakt 3 chips (DISMISS_ALL_FROM)
  ---
  duration_ms: 0.189586
  type: 'test'
  ...
# Subtest: AK4: dismissAllChips märker varje aktivt chip som "dismissing" utan nätverksanrop för chip utan id
ok 90 - AK4: dismissAllChips märker varje aktivt chip som "dismissing" utan nätverksanrop för chip utan id
  ---
  duration_ms: 0.232622
  type: 'test'
  ...
# Subtest: AK5: när animationen är klar försvinner chippen och "✕ all" göms igen under tröskeln
ok 91 - AK5: när animationen är klar försvinner chippen och "✕ all" göms igen under tröskeln
  ---
  duration_ms: 0.163427
  type: 'test'
  ...
# Subtest: AK6: ett chip som bär notis-id markerar SIN egen arkivrad läst vid avfärdande — POST .../read, aldrig DELETE
ok 92 - AK6: ett chip som bär notis-id markerar SIN egen arkivrad läst vid avfärdande — POST .../read, aldrig DELETE
  ---
  duration_ms: 7.394109
  type: 'test'
  ...
# Subtest: HY1: stapeln byggs ur arkivet — n olästa ger n brickor
ok 93 - HY1: stapeln byggs ur arkivet — n olästa ger n brickor
  ---
  duration_ms: 3.592257
  type: 'test'
  ...
# Subtest: HY2: frågan ställs med dispatchable=true — en tystad sort ska inte återuppstå vid omladdning
ok 94 - HY2: frågan ställs med dispatchable=true — en tystad sort ska inte återuppstå vid omladdning
  ---
  duration_ms: 0.355195
  type: 'test'
  ...
# Subtest: HY3: äldst till vänster — spelaren arbetar sig igenom i den ordning buden kom
ok 95 - HY3: äldst till vänster — spelaren arbetar sig igenom i den ordning buden kom
  ---
  duration_ms: 1.284372
  type: 'test'
  ...
# Subtest: HY4: vid backlog behålls de NYASTE tolv, inte de tolv äldsta
ok 96 - HY4: vid backlog behålls de NYASTE tolv, inte de tolv äldsta
  ---
  duration_ms: 1.272975
  type: 'test'
  ...
# Subtest: HY5: varje bricka bär sitt notis-id, så avfärdande kan markera rätt arkivrad läst
ok 97 - HY5: varje bricka bär sitt notis-id, så avfärdande kan markera rätt arkivrad läst
  ---
  duration_ms: 0.388222
  type: 'test'
  ...
# Subtest: HY6: en sort utan egen gren får ändå en bricka — i neutral systemfärg
ok 98 - HY6: en sort utan egen gren får ändå en bricka — i neutral systemfärg
  ---
  duration_ms: 0.194069
  type: 'test'
  ...
# Subtest: HY7: ett tomt arkiv ger en tom stapel och ingen badge
ok 99 - HY7: ett tomt arkiv ger en tom stapel och ingen badge
  ---
  duration_ms: 0.252867
  type: 'test'
  ...
# Subtest: CG1: a refused +1 carries the server's own reason, and does NOT count as a change
ok 100 - CG1: a refused +1 carries the server's own reason, and does NOT count as a change
  ---
  duration_ms: 1.462921
  type: 'test'
  ...
# Subtest: CG2: each distinct server refusal surfaces as itself — not one generic line
ok 101 - CG2: each distinct server refusal surfaces as itself — not one generic line
  ---
  duration_ms: 1.083715
  type: 'test'
  ...
# Subtest: CG3: a successful +1 reports a change and says nothing
ok 102 - CG3: a successful +1 reports a change and says nothing
  ---
  duration_ms: 0.227957
  type: 'test'
  ...
# Subtest: CG4: Fill that places nothing at all explains why (the old code broke out silently)
ok 103 - CG4: Fill that places nothing at all explains why (the old code broke out silently)
  ---
  duration_ms: 0.198359
  type: 'test'
  ...
# Subtest: CG5: Fill that places some then hits the cap stays quiet — the pips moved, that IS the feedback
ok 104 - CG5: Fill that places some then hits the cap stays quiet — the pips moved, that IS the feedback
  ---
  duration_ms: 0.297364
  type: 'test'
  ...
# Subtest: CG6: Fill respects cap as its loop guard
ok 105 - CG6: Fill respects cap as its loop guard
  ---
  duration_ms: 0.196872
  type: 'test'
  ...
# Subtest: CG7: −1 deletes the matching ordinal and reports a change
ok 106 - CG7: −1 deletes the matching ordinal and reports a change
  ---
  duration_ms: 0.350126
  type: 'test'
  ...
# Subtest: CG8: −1 with no matching citizen says so and refreshes instead of doing nothing
ok 107 - CG8: −1 with no matching citizen says so and refreshes instead of doing nothing
  ---
  duration_ms: 0.274986
  type: 'test'
  ...
# Subtest: CG9: a failed DELETE is reported, not swallowed
ok 108 - CG9: a failed DELETE is reported, not swallowed
  ---
  duration_ms: 0.441263
  type: 'test'
  ...
# Subtest: CG10: an empty or non-JSON error body still produces a line, never blank silence
ok 109 - CG10: an empty or non-JSON error body still produces a line, never blank silence
  ---
  duration_ms: 0.570572
  type: 'test'
  ...
# Subtest: CG11: an expired session reads as the server's own sentence, not "error 401"
ok 110 - CG11: an expired session reads as the server's own sentence, not "error 401"
  ---
  duration_ms: 0.238761
  type: 'test'
  ...
# Subtest: CG12: the city centre and a hex are never confused for one another
ok 111 - CG12: the city centre and a hex are never confused for one another
  ---
  duration_ms: 0.151537
  type: 'test'
  ...
# Subtest: CG13: two different hexes get different keys — a restore must not land on the wrong one
ok 112 - CG13: two different hexes get different keys — a restore must not land on the wrong one
  ---
  duration_ms: 0.130274
  type: 'test'
  ...
# Subtest: CG14: the key survives a round trip through a re-rendered element with the same identity
ok 113 - CG14: the key survives a round trip through a re-rendered element with the same identity
  ---
  duration_ms: 0.10473
  type: 'test'
  ...
# Subtest: CG15: a missing or dataset-less element yields null, so nothing is restored rather than throwing
ok 114 - CG15: a missing or dataset-less element yields null, so nothing is restored rather than throwing
  ---
  duration_ms: 0.091765
  type: 'test'
  ...
# Subtest: CG11: insufficient_goods is delegated to formatApiError, the same helper every other surface uses
ok 115 - CG11: insufficient_goods is delegated to formatApiError, the same helper every other surface uses
  ---
  duration_ms: 0.229126
  type: 'test'
  ...
# Subtest: takeLabel says what taking does, building part only when one stands there
ok 116 - takeLabel says what taking does, building part only when one stands there
  ---
  duration_ms: 17.124246
  type: 'test'
  ...
# Subtest: CG16: −1 is disabled on a held hex where none of the gubbar are yours
ok 117 - CG16: −1 is disabled on a held hex where none of the gubbar are yours
  ---
  duration_ms: 0.562002
  type: 'test'
  ...
# Subtest: codex: index ids are unique and every category is declared
ok 118 - codex: index ids are unique and every category is declared
  ---
  duration_ms: 1.31179
  type: 'test'
  ...
# Subtest: codex: every index entry has a file and every file has an index entry
ok 119 - codex: every index entry has a file and every file has an index entry
  ---
  duration_ms: 1.078275
  type: 'test'
  ...
# Subtest: codex: every [[link]] and related entry resolves to an article
ok 120 - codex: every [[link]] and related entry resolves to an article
  ---
  duration_ms: 1.967154
  type: 'test'
  ...
# Subtest: codex: every notification kind the client shows maps to exactly one article
ok 121 - codex: every notification kind the client shows maps to exactly one article
  ---
  duration_ms: 0.98836
  type: 'test'
  ...
# Subtest: codex: every drawer with a ? button has an article
ok 122 - codex: every drawer with a ? button has an article
  ---
  duration_ms: 0.425315
  type: 'test'
  ...
# Subtest: codex: every article is reachable — linked from another article or listed as related
ok 123 - codex: every article is reachable — linked from another article or listed as related
  ---
  duration_ms: 0.601198
  type: 'test'
  ...
# Subtest: renderMarkdown: escapes HTML and renders links, known and missing
ok 124 - renderMarkdown: escapes HTML and renders links, known and missing
  ---
  duration_ms: 0.853334
  type: 'test'
  ...
# Subtest: renderMarkdown: headings, lists, tables, code and comments
ok 125 - renderMarkdown: headings, lists, tables, code and comments
  ---
  duration_ms: 0.718317
  type: 'test'
  ...
# Subtest: backlinksTo and searchArticles
ok 126 - backlinksTo and searchArticles
  ---
  duration_ms: 0.546542
  type: 'test'
  ...
# Subtest: codex: lowercase agora_ready is mapped and community rules match alpha policy
ok 127 - codex: lowercase agora_ready is mapped and community rules match alpha policy
  ---
  duration_ms: 1.505117
  type: 'test'
  ...
# Subtest: codex search finds abandon in Colonies and call-back in Sea
ok 128 - codex search finds abandon in Colonies and call-back in Sea
  ---
  duration_ms: 9.541656
  type: 'test'
  ...
# Subtest: DG1: the environment answers the question two Chromium reports could not
ok 129 - DG1: the environment answers the question two Chromium reports could not
  ---
  duration_ms: 1.116134
  type: 'test'
  ...
# Subtest: DG2: a refused call is remembered with the server's own words
ok 130 - DG2: a refused call is remembered with the server's own words
  ---
  duration_ms: 2.010984
  type: 'test'
  ...
# Subtest: DG3: the buffer keeps the NEWEST entries — the failure that prompted the report is the last one
ok 131 - DG3: the buffer keeps the NEWEST entries — the failure that prompted the report is the last one
  ---
  duration_ms: 0.251675
  type: 'test'
  ...
# Subtest: DG4: long strings are truncated so a report stays a lead, not a log
ok 132 - DG4: long strings are truncated so a report stays a lead, not a log
  ---
  duration_ms: 0.211675
  type: 'test'
  ...
# Subtest: DG5: with nothing wrong, the snapshot carries the environment and no empty scaffolding
ok 133 - DG5: with nothing wrong, the snapshot carries the environment and no empty scaffolding
  ---
  duration_ms: 0.213628
  type: 'test'
  ...
# Subtest: DG6: a thrown script error is captured with its source location
ok 134 - DG6: a thrown script error is captured with its source location
  ---
  duration_ms: 0.285006
  type: 'test'
  ...
# Subtest: DG7: an unhandled promise rejection is captured too — the half that never reaches window.onerror
ok 135 - DG7: an unhandled promise rejection is captured too — the half that never reaches window.onerror
  ---
  duration_ms: 0.285973
  type: 'test'
  ...
# Subtest: DG8: a listener that throws never breaks the page it is diagnosing
ok 136 - DG8: a listener that throws never breaks the page it is diagnosing
  ---
  duration_ms: 0.245548
  type: 'test'
  ...
# Subtest: DG9: installErrorCapture on a host without addEventListener is a no-op, not a crash
ok 137 - DG9: installErrorCapture on a host without addEventListener is a no-op, not a crash
  ---
  duration_ms: 2.646908
  type: 'test'
  ...
# Subtest: DG10: truncate leaves short strings untouched and handles null
ok 138 - DG10: truncate leaves short strings untouched and handles null
  ---
  duration_ms: 0.432964
  type: 'test'
  ...
# Subtest: AK1: a direct q/r on the payload wins outright, no lookup needed
ok 139 - AK1: a direct q/r on the payload wins outright, no lookup needed
  ---
  duration_ms: 1.759156
  type: 'test'
  ...
# Subtest: AK2: settlement_id resolves via State.provinceData
ok 140 - AK2: settlement_id resolves via State.provinceData
  ---
  duration_ms: 0.262732
  type: 'test'
  ...
# Subtest: AK3: dest_id/destination_id (transport/trade kinds) resolve the same way settlement_id does
ok 141 - AK3: dest_id/destination_id (transport/trade kinds) resolve the same way settlement_id does
  ---
  duration_ms: 0.178055
  type: 'test'
  ...
# Subtest: AK4: OfferAccepted/Declined/Expired go to the COUNTERPARTY city, not the recipient's own (Timothy 2026-09-04, megaron_plan_dispatches.md §3)
ok 142 - AK4: OfferAccepted/Declined/Expired go to the COUNTERPARTY city, not the recipient's own (Timothy 2026-09-04, megaron_plan_dispatches.md §3)
  ---
  duration_ms: 0.233815
  type: 'test'
  ...
# Subtest: AK5: OfferAccepted falls back to settlement_id if counterparty_id is somehow absent
ok 143 - AK5: OfferAccepted falls back to settlement_id if counterparty_id is somehow absent
  ---
  duration_ms: 0.151687
  type: 'test'
  ...
# Subtest: AK6: a non-offer kind never picks up counterparty_id even if present
ok 144 - AK6: a non-offer kind never picks up counterparty_id even if present
  ---
  duration_ms: 0.179728
  type: 'test'
  ...
# Subtest: AK7: an unresolvable settlement_id falls through to a unit_id lookup
ok 145 - AK7: an unresolvable settlement_id falls through to a unit_id lookup
  ---
  duration_ms: 0.154273
  type: 'test'
  ...
# Subtest: AK8: a foreign unit (not own) is still found via State.foreignUnitData
ok 146 - AK8: a foreign unit (not own) is still found via State.foreignUnitData
  ---
  duration_ms: 0.158556
  type: 'test'
  ...
# Subtest: AK9: no destination anywhere returns null (the disabled-button case)
ok 147 - AK9: no destination anywhere returns null (the disabled-button case)
  ---
  duration_ms: 0.368688
  type: 'test'
  ...
# Subtest: OC1: CityOccupied as attacker offers sack/burn from the payload's own choices, never annex (too early)
ok 148 - OC1: CityOccupied as attacker offers sack/burn from the payload's own choices, never annex (too early)
  ---
  duration_ms: 0.465549
  type: 'test'
  ...
# Subtest: OC2: CityOccupied as defender offers nothing — it is not this Wanax's choice to make
ok 149 - OC2: CityOccupied as defender offers nothing — it is not this Wanax's choice to make
  ---
  duration_ms: 0.868858
  type: 'test'
  ...
# Subtest: OC3: CityAnnexReady offers all three — sack/burn remain available once annex unlocks
ok 150 - OC3: CityAnnexReady offers all three — sack/burn remain available once annex unlocks
  ---
  duration_ms: 0.144082
  type: 'test'
  ...
# Subtest: OC4: an unrelated dispatch kind offers nothing
ok 151 - OC4: an unrelated dispatch kind offers nothing
  ---
  duration_ms: 0.089352
  type: 'test'
  ...
# Subtest: OC5: a missing/malformed choices list on CityOccupied degrades to no buttons rather than throwing
ok 152 - OC5: a missing/malformed choices list on CityOccupied degrades to no buttons rather than throwing
  ---
  duration_ms: 0.096632
  type: 'test'
  ...
# Subtest: OC6: buildOccupationOrderBody sends exactly {action} — sack loots everything by default, no goods picker
ok 153 - OC6: buildOccupationOrderBody sends exactly {action} — sack loots everything by default, no goods picker
  ---
  duration_ms: 0.110758
  type: 'test'
  ...
# Subtest: PS1: PassageStalled resolves "take me there" via the port q/r the server sends
ok 154 - PS1: PassageStalled resolves "take me there" via the port q/r the server sends
  ---
  duration_ms: 0.095848
  type: 'test'
  ...
# Subtest: AK1: formatCargoRows carries good/quantity/from/to straight through
ok 155 - AK1: formatCargoRows carries good/quantity/from/to straight through
  ---
  duration_ms: 1.084898
  type: 'test'
  ...
# Subtest: AK2: ETA is computed from arrives_at - nowMs, not from the wall clock
ok 156 - AK2: ETA is computed from arrives_at - nowMs, not from the wall clock
  ---
  duration_ms: 0.248064
  type: 'test'
  ...
# Subtest: AK3: an already-arrived trade (arrives_at in the past) reads "arrived"
ok 157 - AK3: an already-arrived trade (arrives_at in the past) reads "arrived"
  ---
  duration_ms: 0.141324
  type: 'test'
  ...
# Subtest: AK4: quantity floors fractional amounts (matches the rest of the drawer)
ok 158 - AK4: quantity floors fractional amounts (matches the rest of the drawer)
  ---
  duration_ms: 0.135229
  type: 'test'
  ...
# Subtest: AK5 (regression): renderCargoHTML on an empty list says nothing is in transit, not a blank table
ok 159 - AK5 (regression): renderCargoHTML on an empty list says nothing is in transit, not a blank table
  ---
  duration_ms: 0.36855
  type: 'test'
  ...
# Subtest: AK6: renderCargoHTML never claims a fixed loss percentage — only that cargo is physical and can be seized
ok 160 - AK6: renderCargoHTML never claims a fixed loss percentage — only that cargo is physical and can be seized
  ---
  duration_ms: 0.24482
  type: 'test'
  ...
# Subtest: AK7: renderCargoHTML escapes good_key so a hostile good name cannot inject markup
ok 161 - AK7: renderCargoHTML escapes good_key so a hostile good name cannot inject markup
  ---
  duration_ms: 0.226714
  type: 'test'
  ...
# Subtest: AK7: a shipment the caller is receiving is labelled incoming
ok 162 - AK7: a shipment the caller is receiving is labelled incoming
  ---
  duration_ms: 0.138637
  type: 'test'
  ...
# Subtest: AK8: a shipment the caller dispatched is labelled outgoing
ok 163 - AK8: a shipment the caller dispatched is labelled outgoing
  ---
  duration_ms: 0.367555
  type: 'test'
  ...
# Subtest: AK9: the direction reaches the markup, not just the row object
ok 164 - AK9: the direction reaches the markup, not just the row object
  ---
  duration_ms: 0.523192
  type: 'test'
  ...
# Subtest: cargo uses the authoritative rounded arrival tick even when wall projection is overdue
ok 165 - cargo uses the authoritative rounded arrival tick even when wall projection is overdue
  ---
  duration_ms: 0.24127
  type: 'test'
  ...
# Subtest: BK1: mine is buildable from the catalogue (was missing entirely from the old hardcoded list)
ok 166 - BK1: mine is buildable from the catalogue (was missing entirely from the old hardcoded list)
  ---
  duration_ms: 1.391205
  type: 'test'
  ...
# Subtest: silver_mine is gone from the Construct label map — an unlabelled fallback would betray a stale catalogue entry
ok 167 - silver_mine is gone from the Construct label map — an unlabelled fallback would betray a stale catalogue entry
  ---
  duration_ms: 0.296447
  type: 'test'
  ...
# Subtest: BK2: costs are read from the catalogue, not hardcoded — mutating the fixture mutates the rendered string
ok 168 - BK2: costs are read from the catalogue, not hardcoded — mutating the fixture mutates the rendered string
  ---
  duration_ms: 0.282738
  type: 'test'
  ...
# Subtest: BK3: cost rounding matches the CLI (%.0f per good, cmd_build.go), not the pre-mig-136 hardcoded values
ok 169 - BK3: cost rounding matches the CLI (%.0f per good, cmd_build.go), not the pre-mig-136 hardcoded values
  ---
  duration_ms: 0.234392
  type: 'test'
  ...
# Subtest: BK4: an option is name and price only — no purpose, no requires tail (Timothy 2026-09-30: too long)
ok 170 - BK4: an option is name and price only — no purpose, no requires tail (Timothy 2026-09-30: too long)
  ---
  duration_ms: 0.271016
  type: 'test'
  ...
# Subtest: BK6: wall keeps its old hardcoded upgrade-ladder copy — the catalogue entry has no upgrade_costs for it (stop condition, megaron_plan_byggkatalogen_i_webben.md §7)
ok 171 - BK6: wall keeps its old hardcoded upgrade-ladder copy — the catalogue entry has no upgrade_costs for it (stop condition, megaron_plan_byggkatalogen_i_webben.md §7)
  ---
  duration_ms: 0.151831
  type: 'test'
  ...
# Subtest: HX1: a valid, empty hex renders as a build option with its coords and terrain
ok 172 - HX1: a valid, empty hex renders as a build option with its coords and terrain
  ---
  duration_ms: 0.469988
  type: 'test'
  ...
# Subtest: HX2: a hex missing from valid_hexes_for_building but already carrying a SAME-type building is offered as an upgrade
ok 173 - HX2: a hex missing from valid_hexes_for_building but already carrying a SAME-type building is offered as an upgrade
  ---
  duration_ms: 0.172368
  type: 'test'
  ...
# Subtest: HX3: a hex carrying a DIFFERENT-type building is not offered at all
ok 174 - HX3: a hex carrying a DIFFERENT-type building is not offered at all
  ---
  duration_ms: 0.368603
  type: 'test'
  ...
# Subtest: HX4: a hex present in both lists is rendered once, as a build option (valid_hexes_for_building wins)
ok 175 - HX4: a hex present in both lists is rendered once, as a build option (valid_hexes_for_building wins)
  ---
  duration_ms: 0.474791
  type: 'test'
  ...
# Subtest: HX4b: server effect strings are escaped, and a missing effect leaves no dangling dash
ok 176 - HX4b: server effect strings are escaped, and a missing effect leaves no dangling dash
  ---
  duration_ms: 0.623465
  type: 'test'
  ...
# Subtest: HX5: no placement-options data yet renders no options, not an error
ok 177 - HX5: no placement-options data yet renders no options, not an error
  ---
  duration_ms: 0.130843
  type: 'test'
  ...
# Subtest: AK1: city.js imports under node --test without a DOM
ok 178 - AK1: city.js imports under node --test without a DOM
  ---
  duration_ms: 0.104781
  type: 'test'
  ...
# Subtest: empty loyalty-log renders a friendly empty-state, not a bare table
ok 179 - empty loyalty-log renders a friendly empty-state, not a bare table
  ---
  duration_ms: 0.149243
  type: 'test'
  ...
# Subtest: a positive delta is signed with a leading + and the --safe tone
ok 180 - a positive delta is signed with a leading + and the --safe tone
  ---
  duration_ms: 19.660728
  type: 'test'
  ...
# Subtest: a negative delta keeps its own minus sign (no double sign) and the --accent tone
ok 181 - a negative delta keeps its own minus sign (no double sign) and the --accent tone
  ---
  duration_ms: 0.294384
  type: 'test'
  ...
# Subtest: rows are rendered in the order given (server already sorts newest-first) — not re-sorted client-side
ok 182 - rows are rendered in the order given (server already sorts newest-first) — not re-sorted client-side
  ---
  duration_ms: 0.398509
  type: 'test'
  ...
# Subtest: a hostile reason string is escaped, not injected as markup
ok 183 - a hostile reason string is escaped, not injected as markup
  ---
  duration_ms: 0.227071
  type: 'test'
  ...
# Subtest: a zero delta (if it ever occurs) gets no sign and the neutral --text-dim tone
ok 184 - a zero delta (if it ever occurs) gets no sign and the neutral --text-dim tone
  ---
  duration_ms: 0.323811
  type: 'test'
  ...
# Subtest: J: only three primary sections, all secondary abilities remain under closed More
ok 185 - J: only three primary sections, all secondary abilities remain under closed More
  ---
  duration_ms: 1.066547
  type: 'test'
  ...
# Subtest: J: food days come from authoritative mixed-food coverage, not grain net or reserve
ok 186 - J: food days come from authoritative mixed-food coverage, not grain net or reserve
  ---
  duration_ms: 17.728542
  type: 'test'
  ...
# Subtest: J: growing low stocks never say starving; food-worker warning survives
ok 187 - J: growing low stocks never say starving; food-worker warning survives
  ---
  duration_ms: 1.957701
  type: 'test'
  ...
# Subtest: J: missing/invalid coverage is honestly unavailable, never zero or NaN days
ok 188 - J: missing/invalid coverage is honestly unavailable, never zero or NaN days
  ---
  duration_ms: 0.227156
  type: 'test'
  ...
# Subtest: J: population and slaughter capability keep input-free player words and eligibility
ok 189 - J: population and slaughter capability keep input-free player words and eligibility
  ---
  duration_ms: 0.942096
  type: 'test'
  ...
# Subtest: AK1: goodsOptionsHTML renders one <option> per good, value = key
ok 190 - AK1: goodsOptionsHTML renders one <option> per good, value = key
  ---
  duration_ms: 0.963261
  type: 'test'
  ...
# Subtest: AK1b: goodsOptionsHTML leads with an empty "choose" option — no good is silently pre-selected
ok 191 - AK1b: goodsOptionsHTML leads with an empty "choose" option — no good is silently pre-selected
  ---
  duration_ms: 0.259918
  type: 'test'
  ...
# Subtest: AK2 (falsifiable): an empty catalogue ([]) reads "no tradeable goods", not a blank list
ok 192 - AK2 (falsifiable): an empty catalogue ([]) reads "no tradeable goods", not a blank list
  ---
  duration_ms: 1.037484
  type: 'test'
  ...
# Subtest: AK3 (honest empty state): a failed fetch (null) reads "Could not load goods" — never silently falls back to free text
ok 193 - AK3 (honest empty state): a failed fetch (null) reads "Could not load goods" — never silently falls back to free text
  ---
  duration_ms: 0.166087
  type: 'test'
  ...
# Subtest: AK3b: goodsSelectDisabledAttr disables the control exactly when the catalogue failed to load (null), never otherwise
ok 194 - AK3b: goodsSelectDisabledAttr disables the control exactly when the catalogue failed to load (null), never otherwise
  ---
  duration_ms: 0.17318
  type: 'test'
  ...
# Subtest: AK4: goodsOptionsHTML escapes a hostile good name so it cannot inject markup
ok 195 - AK4: goodsOptionsHTML escapes a hostile good name so it cannot inject markup
  ---
  duration_ms: 0.146137
  type: 'test'
  ...
# Subtest: AK5: goodsOptionsHTML falls back to the raw key as the label when name is missing
ok 196 - AK5: goodsOptionsHTML falls back to the raw key as the label when name is missing
  ---
  duration_ms: 0.2072
  type: 'test'
  ...
# Subtest: Correspondence reads host and city outboxes and renders their letters
ok 197 - Correspondence reads host and city outboxes and renders their letters
  ---
  duration_ms: 51.597358
  type: 'test'
  ...
# Subtest: M: actual drawer offers exactly Correspondence and Known
ok 198 - M: actual drawer offers exactly Correspondence and Known
  ---
  duration_ms: 26.633892
  type: 'test'
  ...
# Subtest: M: Known keeps ruler and city knowledge, gates rumours
ok 199 - M: Known keeps ruler and city knowledge, gates rumours
  ---
  duration_ms: 21.380379
  type: 'test'
  ...
# Subtest: M: first letter and both trade directions remain reachable without any prior letter
ok 200 - M: first letter and both trade directions remain reachable without any prior letter
  ---
  duration_ms: 12.346323
  type: 'test'
  ...
# Subtest: M: selecting rumour, own city or a removed contact creates no draft or dispatch
ok 201 - M: selecting rumour, own city or a removed contact creates no draft or dispatch
  ---
  duration_ms: 0.790665
  type: 'test'
  ...
# Subtest: M: host still reads both tabs but does not gain a settlement-only trade composer
ok 202 - M: host still reads both tabs but does not gain a settlement-only trade composer
  ---
  duration_ms: 1.364896
  type: 'test'
  ...
# Subtest: M: failed Known fetch offers retry without inventing an empty directory
ok 203 - M: failed Known fetch offers retry without inventing an empty directory
  ---
  duration_ms: 3.318179
  type: 'test'
  ...
# Subtest: M: Write clears a stale composer while the chosen conversation loads
ok 204 - M: Write clears a stale composer while the chosen conversation loads
  ---
  duration_ms: 10.944345
  type: 'test'
  ...
# Subtest: M: late unavailable-actions response preserves a typed first letter
ok 205 - M: late unavailable-actions response preserves a typed first letter
  ---
  duration_ms: 2.672911
  type: 'test'
  ...
# Subtest: atStorageCeiling: mirrors keryx — >=99% of a positive cap, nothing without a cap
ok 206 - atStorageCeiling: mirrors keryx — >=99% of a positive cap, nothing without a cap
  ---
  duration_ms: 1.276479
  type: 'test'
  ...
# Subtest: goodsRateCell: a good at cap reads "full" (dimmed) not green growth, and names the wasted rate
ok 207 - goodsRateCell: a good at cap reads "full" (dimmed) not green growth, and names the wasted rate
  ---
  duration_ms: 12.646151
  type: 'test'
  ...
# Subtest: goodsRateCell: at cap but idle (rate 0) reads plain "full", no wasted-rate tail
ok 208 - goodsRateCell: at cap but idle (rate 0) reads plain "full", no wasted-rate tail
  ---
  duration_ms: 0.339326
  type: 'test'
  ...
# Subtest: goodsRateCell: below cap and producing keeps the green growth cell
ok 209 - goodsRateCell: below cap and producing keeps the green growth cell
  ---
  duration_ms: 0.290499
  type: 'test'
  ...
# Subtest: goodsRateCell: below cap and idle renders an empty cell
ok 210 - goodsRateCell: below cap and idle renders an empty cell
  ---
  duration_ms: 0.139357
  type: 'test'
  ...
# Subtest: AK1: economy.js imports under node --test without a DOM (proves the misc.js pointerdown listener no longer runs at module scope)
ok 211 - AK1: economy.js imports under node --test without a DOM (proves the misc.js pointerdown listener no longer runs at module scope)
  ---
  duration_ms: 0.118038
  type: 'test'
  ...
# Subtest: parseGoodAmountPairs: matches keryx cmd_route.go's good:amount,good:amount shape
ok 212 - parseGoodAmountPairs: matches keryx cmd_route.go's good:amount,good:amount shape
  ---
  duration_ms: 1.000855
  type: 'test'
  ...
# Subtest: parseGoodAmountPairs: empty/blank input is an empty list, not an error
ok 213 - parseGoodAmountPairs: empty/blank input is an empty list, not an error
  ---
  duration_ms: 0.224383
  type: 'test'
  ...
# Subtest: parseGoodAmountPairs: a malformed pair is dropped, not thrown — a typo must not crash the form
ok 214 - parseGoodAmountPairs: a malformed pair is dropped, not thrown — a typo must not crash the form
  ---
  duration_ms: 0.440611
  type: 'test'
  ...
# Subtest: renderStandingOrdersHTML: empty list renders the empty-state message
ok 215 - renderStandingOrdersHTML: empty list renders the empty-state message
  ---
  duration_ms: 0.565149
  type: 'test'
  ...
# Subtest: renderStandingOrdersHTML: an active order offers Pause, a paused one offers Resume and shows its reason
ok 216 - renderStandingOrdersHTML: an active order offers Pause, a paused one offers Resume and shows its reason
  ---
  duration_ms: 0.322949
  type: 'test'
  ...
# Subtest: renderStandingOrdersHTML: a naval route names its bound ship
ok 217 - renderStandingOrdersHTML: a naval route names its bound ship
  ---
  duration_ms: 0.147147
  type: 'test'
  ...
# Subtest: settlementFoodRow: a self-sufficient, well-stocked settlement reads "stable"
ok 218 - settlementFoodRow: a self-sufficient, well-stocked settlement reads "stable"
  ---
  duration_ms: 0.245463
  type: 'test'
  ...
# Subtest: settlementFoodRow: empty granary and shrinking reads "starving" and ranks worst (except cannot-feed)
ok 219 - settlementFoodRow: empty granary and shrinking reads "starving" and ranks worst (except cannot-feed)
  ---
  duration_ms: 0.12052
  type: 'test'
  ...
# Subtest: settlementFoodRow: food_self_sufficient===false overrides the granary state — always the worst, even mid-store
ok 220 - settlementFoodRow: food_self_sufficient===false overrides the granary state — always the worst, even mid-store
  ---
  duration_ms: 0.104336
  type: 'test'
  ...
# Subtest: settlementFoodRow: no province data (failed fetch) renders "no data" instead of throwing or guessing
ok 221 - settlementFoodRow: no province data (failed fetch) renders "no data" instead of throwing or guessing
  ---
  duration_ms: 0.091665
  type: 'test'
  ...
# Subtest: sortSettlementRows: default brist sort puts cannot-feed first, then starving, then stable
ok 222 - sortSettlementRows: default brist sort puts cannot-feed first, then starving, then stable
  ---
  duration_ms: 0.187615
  type: 'test'
  ...
# Subtest: sortSettlementRows: sorting by population desc does not mutate the input array
ok 223 - sortSettlementRows: sorting by population desc does not mutate the input array
  ---
  duration_ms: 0.133428
  type: 'test'
  ...
# Subtest: renderSettlementsOverviewHTML: empty rows render nothing
ok 224 - renderSettlementsOverviewHTML: empty rows render nothing
  ---
  duration_ms: 0.157978
  type: 'test'
  ...
# Subtest: renderSettlementsOverviewHTML: each row links to openCitySettlement and shows name/pop/rate/status
ok 225 - renderSettlementsOverviewHTML: each row links to openCitySettlement and shows name/pop/rate/status
  ---
  duration_ms: 0.594052
  type: 'test'
  ...
# Subtest: renderSettlementsOverviewHTML: the active sort column shows its arrow, others do not
ok 226 - renderSettlementsOverviewHTML: the active sort column shows its arrow, others do not
  ---
  duration_ms: 0.393942
  type: 'test'
  ...
# Subtest: loadEconomyDrawer: with no owned settlements, renders the empty-state message and returns before touching anything else
ok 227 - loadEconomyDrawer: with no owned settlements, renders the empty-state message and returns before touching anything else
  ---
  duration_ms: 0.295916
  type: 'test'
  ...
# Subtest: Economy City link closes Economy before opening the requested province
ok 228 - Economy City link closes Economy before opening the requested province
  ---
  duration_ms: 1.372113
  type: 'test'
  ...
# Subtest: Economy id: actual drawer joins settlement ids while links and goods keep province ids
ok 229 - Economy id: actual drawer joins settlement ids while links and goods keep province ids
  ---
  duration_ms: 42.145171
  type: 'test'
  ...
# Subtest: Economy id: missing or refused overview remains no data; never match province id or name
ok 230 - Economy id: missing or refused overview remains no data; never match province id or name
  ---
  duration_ms: 12.914364
  type: 'test'
  ...
# Subtest: N: actual POST preserves multiple outbound goods, return floor zero, decimals and destination crew
ok 231 - N: actual POST preserves multiple outbound goods, return floor zero, decimals and destination crew
  ---
  duration_ms: 25.597266
  type: 'test'
  ...
# Subtest: N: blank optional rows leave an empty return array and source crew intact
ok 232 - N: blank optional rows leave an empty return array and source crew intact
  ---
  duration_ms: 1.706776
  type: 'test'
  ...
# Subtest: N: drawer keeps four tabs and crew choices, replaces both CSV inputs with addable goods rows
ok 233 - N: drawer keeps four tabs and crew choices, replaces both CSV inputs with addable goods rows
  ---
  duration_ms: 26.990431
  type: 'test'
  ...
# Subtest: N: same-city and missing-outbound rows still cannot dispatch
ok 234 - N: same-city and missing-outbound rows still cannot dispatch
  ---
  duration_ms: 0.441657
  type: 'test'
  ...
# Subtest: N: failed goods fetch sends no form, reopening Automation retries full inventory
ok 235 - N: failed goods fetch sends no form, reopening Automation retries full inventory
  ---
  duration_ms: 5.557861
  type: 'test'
  ...
# Subtest: hopsLabel: 0 or missing hops → no qualifier (matches keryx cmd_gossip.go hopLabel)
ok 236 - hopsLabel: 0 or missing hops → no qualifier (matches keryx cmd_gossip.go hopLabel)
  ---
  duration_ms: 0.830482
  type: 'test'
  ...
# Subtest: hopsLabel: 1 hop is singular, N hops is plural
ok 237 - hopsLabel: 1 hop is singular, N hops is plural
  ---
  duration_ms: 0.197402
  type: 'test'
  ...
# Subtest: renderRumourRowHTML: a row renders region, category, hops and text, marked as Rumour
ok 238 - renderRumourRowHTML: a row renders region, category, hops and text, marked as Rumour
  ---
  duration_ms: 0.368536
  type: 'test'
  ...
# Subtest: renderRumourRowHTML: importance=major gets the highlight class
ok 239 - renderRumourRowHTML: importance=major gets the highlight class
  ---
  duration_ms: 0.145627
  type: 'test'
  ...
# Subtest: renderRumourRowHTML: escapes rumour text so a hostile string cannot inject markup
ok 240 - renderRumourRowHTML: escapes rumour text so a hostile string cannot inject markup
  ---
  duration_ms: 0.214802
  type: 'test'
  ...
# Subtest: renderRumourRowHTML: a 0-hop rumour carries no distance qualifier
ok 241 - renderRumourRowHTML: a 0-hop rumour carries no distance qualifier
  ---
  duration_ms: 0.16293
  type: 'test'
  ...
# Subtest: K: cancellation and passage refusals keep buttons enabled and show server text beside the action
ok 242 - K: cancellation and passage refusals keep buttons enabled and show server text beside the action
  ---
  duration_ms: 33.099144
  type: 'test'
  ...
# Subtest: K: rite refusal stays in Kult; success survives drawer refresh
ok 243 - K: rite refusal stays in Kult; success survives drawer refresh
  ---
  duration_ms: 3.475859
  type: 'test'
  ...
# Subtest: K: real abandon handler cannot POST before inline confirmation; refusal remains visible
ok 244 - K: real abandon handler cannot POST before inline confirmation; refusal remains visible
  ---
  duration_ms: 1.973872
  type: 'test'
  ...
# Subtest: AK1: vredgad (Wrathful mood) renders an English label, not the raw Swedish string
ok 245 - AK1: vredgad (Wrathful mood) renders an English label, not the raw Swedish string
  ---
  duration_ms: 0.970317
  type: 'test'
  ...
# Subtest: AK1b: tveksam (Suspicious mood) renders an English label, not the raw Swedish string
ok 246 - AK1b: tveksam (Suspicious mood) renders an English label, not the raw Swedish string
  ---
  duration_ms: 0.14749
  type: 'test'
  ...
# Subtest: AK2: vardig and overdadig — already-correct-looking values — still translate correctly
ok 247 - AK2: vardig and overdadig — already-correct-looking values — still translate correctly
  ---
  duration_ms: 0.102369
  type: 'test'
  ...
# Subtest: AK3: enkel (pre-first-tick fallback) gets an honest label, not a fake tier name
ok 248 - AK3: enkel (pre-first-tick fallback) gets an honest label, not a fake tier name
  ---
  duration_ms: 0.128453
  type: 'test'
  ...
# Subtest: AK4: a value the server never sends still falls back to itself, not a fabricated label
ok 249 - AK4: a value the server never sends still falls back to itself, not a fabricated label
  ---
  duration_ms: 0.127657
  type: 'test'
  ...
# Subtest: AK1: kharis_net_known true draws a Net row, distinct from Passive, signed with one decimal
ok 250 - AK1: kharis_net_known true draws a Net row, distinct from Passive, signed with one decimal
  ---
  duration_ms: 0.991843
  type: 'test'
  ...
# Subtest: AK1b: a negative net is signed with a minus, not a double sign
ok 251 - AK1b: a negative net is signed with a minus, not a double sign
  ---
  duration_ms: 0.287067
  type: 'test'
  ...
# Subtest: AK2: kharis_net_known false draws no net row at all — not even "0.0"
ok 252 - AK2: kharis_net_known false draws no net row at all — not even "0.0"
  ---
  duration_ms: 0.133763
  type: 'test'
  ...
# Subtest: AK2b: kharis_net_known missing entirely (not strictly true) also draws nothing
ok 253 - AK2b: kharis_net_known missing entirely (not strictly true) also draws nothing
  ---
  duration_ms: 1.345624
  type: 'test'
  ...
# Subtest: AK3: kharis_devotion_idle true draws the idle-capacity warning
ok 254 - AK3: kharis_devotion_idle true draws the idle-capacity warning
  ---
  duration_ms: 0.255006
  type: 'test'
  ...
# Subtest: AK3b: kharis_devotion_idle false (or absent) draws no warning
ok 255 - AK3b: kharis_devotion_idle false (or absent) draws no warning
  ---
  duration_ms: 0.12664
  type: 'test'
  ...
# Subtest: a null/undefined payload draws nothing, crashes nothing
ok 256 - a null/undefined payload draws nothing, crashes nothing
  ---
  duration_ms: 0.751386
  type: 'test'
  ...
# Subtest: AK1: notif.js exporterar inte längre clearAllNotifs — funktionen är borttagen, inte bara oanvänd
ok 257 - AK1: notif.js exporterar inte längre clearAllNotifs — funktionen är borttagen, inte bara oanvänd
  ---
  duration_ms: 0.966856
  type: 'test'
  ...
# Subtest: AK2: notis-drawerns header i map.html saknar "Clear all"-knappen och visar arkiv-etiketten i stället
ok 258 - AK2: notis-drawerns header i map.html saknar "Clear all"-knappen och visar arkiv-etiketten i stället
  ---
  duration_ms: 0.390562
  type: 'test'
  ...
# Subtest: AK3: clearAllNotifs finns inte kvar i main.js window-bryggan (den skulle annars vara nåbar även utan knapp i markupen)
ok 259 - AK3: clearAllNotifs finns inte kvar i main.js window-bryggan (den skulle annars vara nåbar även utan knapp i markupen)
  ---
  duration_ms: 0.147139
  type: 'test'
  ...
# Subtest: O: one list, newest first, rumours kept as their own marked rows
ok 260 - O: one list, newest first, rumours kept as their own marked rows
  ---
  duration_ms: 1.285029
  type: 'test'
  ...
# Subtest: K: calendar and forming state survive without world speed
ok 261 - K: calendar and forming state survive without world speed
  ---
  duration_ms: 18.094466
  type: 'test'
  ...
# Subtest: K: quiet kinds remain readable both in group and historic archive
ok 262 - K: quiet kinds remain readable both in group and historic archive
  ---
  duration_ms: 2.01536
  type: 'test'
  ...
# Subtest: K: every advisory has a drawer help link; locked reasons stay authoritative in tooltip
ok 263 - K: every advisory has a drawer help link; locked reasons stay authoritative in tooltip
  ---
  duration_ms: 0.587736
  type: 'test'
  ...
# Subtest: a dismissed brief stays dismissed after reload (localStorage, not session)
ok 264 - a dismissed brief stays dismissed after reload (localStorage, not session)
  ---
  duration_ms: 0.400525
  type: 'test'
  ...
# Subtest: buildContext: nothing open → undefined, not an empty object
ok 265 - buildContext: nothing open → undefined, not an empty object
  ---
  duration_ms: 0.941956
  type: 'test'
  ...
# Subtest: buildContext: march-order menu open → dest + unit ids, regardless of view
ok 266 - buildContext: march-order menu open → dest + unit ids, regardless of view
  ---
  duration_ms: 0.830283
  type: 'test'
  ...
# Subtest: buildContext: city drawer open → settlement_id from the active (cycled) settlement
ok 267 - buildContext: city drawer open → settlement_id from the active (cycled) settlement
  ---
  duration_ms: 0.246067
  type: 'test'
  ...
# Subtest: buildContext: settlement_id is withheld when a different drawer was open — no misleading city context
ok 268 - buildContext: settlement_id is withheld when a different drawer was open — no misleading city context
  ---
  duration_ms: 0.149767
  type: 'test'
  ...
# Subtest: under LowDays: empty + shrinking reads as a hard warning
ok 269 - under LowDays: empty + shrinking reads as a hard warning
  ---
  duration_ms: 1.090843
  type: 'test'
  ...
# Subtest: under LowDays but empty + growing reads as reassuring, not alarming
ok 270 - under LowDays but empty + growing reads as reassuring, not alarming
  ---
  duration_ms: 0.212093
  type: 'test'
  ...
# Subtest: under LowDays with stock still in the granary: releasing
ok 271 - under LowDays with stock still in the granary: releasing
  ---
  duration_ms: 1.442107
  type: 'test'
  ...
# Subtest: between LowDays and HighDays: resting
ok 272 - between LowDays and HighDays: resting
  ---
  duration_ms: 0.130662
  type: 'test'
  ...
# Subtest: over HighDays: storing a tenth of the surplus
ok 273 - over HighDays: storing a tenth of the surplus
  ---
  duration_ms: 0.192672
  type: 'test'
  ...
# Subtest: branch order matches cmd_status.go: cov==low is NOT "under low" (Go uses cov < low)
ok 274 - branch order matches cmd_status.go: cov==low is NOT "under low" (Go uses cov < low)
  ---
  duration_ms: 0.097078
  type: 'test'
  ...
# Subtest: branch order matches cmd_status.go: cov==high is still "vilar", not "store" (Go uses cov <= high)
ok 275 - branch order matches cmd_status.go: cov==high is still "vilar", not "store" (Go uses cov <= high)
  ---
  duration_ms: 0.166154
  type: 'test'
  ...
# Subtest: sitosStateHtml renders a stat-row with the derived state text and severity class
ok 276 - sitosStateHtml renders a stat-row with the derived state text and severity class
  ---
  duration_ms: 0.250317
  type: 'test'
  ...
# Subtest: sitosStateHtml on a settlement with no sitos object at all renders nothing and does not throw
ok 277 - sitosStateHtml on a settlement with no sitos object at all renders nothing and does not throw
  ---
  duration_ms: 0.317035
  type: 'test'
  ...
# Subtest: accepted trade uses separately priced server ticks without claiming delivery from wall time
ok 278 - accepted trade uses separately priced server ticks without claiming delivery from wall time
  ---
  duration_ms: 0.98252
  type: 'test'
  ...
# Subtest: actual accept action sends one authorized request and renders both authoritative legs with recipient direction
ok 279 - actual accept action sends one authorized request and renders both authoritative legs with recipient direction
  ---
  duration_ms: 27.867767
  type: 'test'
  ...
# Subtest: duration follows changed server rules and refuses malformed or unavailable choices
ok 280 - duration follows changed server rules and refuses malformed or unavailable choices
  ---
  duration_ms: 1.39403
  type: 'test'
  ...
# Subtest: mission shows authoritative ticks until turn, then its actual return reason
ok 281 - mission shows authoritative ticks until turn, then its actual return reason
  ---
  duration_ms: 16.794284
  type: 'test'
  ...
# Subtest: player quantities are plain digits with at most one decimal
ok 282 - player quantities are plain digits with at most one decimal
  ---
  duration_ms: 17.499676
  type: 'test'
  ...
# Subtest: days agree in number
ok 283 - days agree in number
  ---
  duration_ms: 0.49861
  type: 'test'
  ...
# Subtest: fmtSilver: whole amounts render as plain integers
ok 284 - fmtSilver: whole amounts render as plain integers
  ---
  duration_ms: 1.422142
  type: 'test'
  ...
# Subtest: fmtSilver: fractional amounts keep one decimal
ok 285 - fmtSilver: fractional amounts keep one decimal
  ---
  duration_ms: 0.218576
  type: 'test'
  ...
# Subtest: fmtSilver: a value that rounds to a whole number drops the decimal
ok 286 - fmtSilver: a value that rounds to a whole number drops the decimal
  ---
  duration_ms: 0.109025
  type: 'test'
  ...
# Subtest: fmtSilver: missing/invalid input is treated as zero, never NaN
ok 287 - fmtSilver: missing/invalid input is treated as zero, never NaN
  ---
  duration_ms: 0.11009
  type: 'test'
  ...
# Subtest: unknown kind with payload: line contains the kind and every payload value
ok 288 - unknown kind with payload: line contains the kind and every payload value
  ---
  duration_ms: 1.310909
  type: 'test'
  ...
# Subtest: unknown kind with empty payload: exactly the kind, nothing more
ok 289 - unknown kind with empty payload: exactly the kind, nothing more
  ---
  duration_ms: 0.137351
  type: 'test'
  ...
# Subtest: unknown kind with undefined payload: does not throw, gives the kind
ok 290 - unknown kind with undefined payload: does not throw, gives the kind
  ---
  duration_ms: 0.172206
  type: 'test'
  ...
# Subtest: unknown kind: stable key order regardless of insertion order
ok 291 - unknown kind: stable key order regardless of insertion order
  ---
  duration_ms: 0.165919
  type: 'test'
  ...
# Subtest: unknown kind: payload with more keys than the cap is truncated with an ellipsis
ok 292 - unknown kind: payload with more keys than the cap is truncated with an ellipsis
  ---
  duration_ms: 0.393312
  type: 'test'
  ...
# Subtest: known kinds are unaffected by the default-arm change
ok 293 - known kinds are unaffected by the default-arm change
  ---
  duration_ms: 0.395301
  type: 'test'
  ...
# Subtest: FieldBattleWon with the real acceptance-world payload
ok 294 - FieldBattleWon with the real acceptance-world payload
  ---
  duration_ms: 0.188942
  type: 'test'
  ...
# Subtest: BattleLost renders opponent name and both sides losses, no place
ok 295 - BattleLost renders opponent name and both sides losses, no place
  ---
  duration_ms: 0.437182
  type: 'test'
  ...
# Subtest: BattleWon uses place name when the server resolved a settlement
ok 296 - BattleWon uses place name when the server resolved a settlement
  ---
  duration_ms: 0.113403
  type: 'test'
  ...
# Subtest: mutual_wipe trailer reads as neither side holding
ok 297 - mutual_wipe trailer reads as neither side holding
  ---
  duration_ms: 0.144627
  type: 'test'
  ...
# Subtest: ShipDamaged: sunk reads as a loss, not a hull number
ok 298 - ShipDamaged: sunk reads as a loss, not a hull number
  ---
  duration_ms: 0.855112
  type: 'test'
  ...
# Subtest: ShipDamaged: routed survivor is limping home for repair
ok 299 - ShipDamaged: routed survivor is limping home for repair
  ---
  duration_ms: 0.10118
  type: 'test'
  ...
# Subtest: ShipDamaged: winning side keeps its orders
ok 300 - ShipDamaged: winning side keeps its orders
  ---
  duration_ms: 0.087869
  type: 'test'
  ...
# Subtest: A7: the sixteen previously-uncased kinds get real text, not the default arm
ok 301 - A7: the sixteen previously-uncased kinds get real text, not the default arm
  ---
  duration_ms: 9.143746
  type: 'test'
  ...
# Subtest: DivinePunishment names the settlement and the right unit per type
ok 302 - DivinePunishment names the settlement and the right unit per type
  ---
  duration_ms: 0.1507
  type: 'test'
  ...
# Subtest: DivinePunishment without a name (older persisted notification) omits the place clause, not an empty one
ok 303 - DivinePunishment without a name (older persisted notification) omits the place clause, not an empty one
  ---
  duration_ms: 0.177608
  type: 'test'
  ...
# Subtest: DivinePunishment unknown type falls to the raw-payload default, invents nothing
ok 304 - DivinePunishment unknown type falls to the raw-payload default, invents nothing
  ---
  duration_ms: 0.140332
  type: 'test'
  ...
# Subtest: DivineBlessing names the settlement and the right unit per type
ok 305 - DivineBlessing names the settlement and the right unit per type
  ---
  duration_ms: 0.11589
  type: 'test'
  ...
# Subtest: DivineBlessing unknown type falls to the raw-payload default, invents nothing
ok 306 - DivineBlessing unknown type falls to the raw-payload default, invents nothing
  ---
  duration_ms: 0.115775
  type: 'test'
  ...
# Subtest: FoodShortfall names the settlement and the unmet ration
ok 307 - FoodShortfall names the settlement and the unmet ration
  ---
  duration_ms: 0.098951
  type: 'test'
  ...
# Subtest: FoodShortfall without a name falls back to a generic settlement label
ok 308 - FoodShortfall without a name falls back to a generic settlement label
  ---
  duration_ms: 0.090788
  type: 'test'
  ...
# Subtest: HexBlockaded names the settlement, the worker count, and the hex
ok 309 - HexBlockaded names the settlement, the worker count, and the hex
  ---
  duration_ms: 0.112174
  type: 'test'
  ...
# Subtest: HexBlockaded uses singular phrasing for exactly one worker
ok 310 - HexBlockaded uses singular phrasing for exactly one worker
  ---
  duration_ms: 0.09416
  type: 'test'
  ...
# Subtest: HexUnblockaded names the settlement, the worker count, and the hex
ok 311 - HexUnblockaded names the settlement, the worker count, and the hex
  ---
  duration_ms: 0.086575
  type: 'test'
  ...
# Subtest: SiegeStarted names the settlement and the besieger
ok 312 - SiegeStarted names the settlement and the besieger
  ---
  duration_ms: 0.096923
  type: 'test'
  ...
# Subtest: SiegeStarted falls back to "an enemy" when besieger_name is missing
ok 313 - SiegeStarted falls back to "an enemy" when besieger_name is missing
  ---
  duration_ms: 0.098928
  type: 'test'
  ...
# Subtest: SiegeLifted names the settlement
ok 314 - SiegeLifted names the settlement
  ---
  duration_ms: 0.088426
  type: 'test'
  ...
# Subtest: UnitExploreReturned names the returning unit instead of a bare category
ok 315 - UnitExploreReturned names the returning unit instead of a bare category
  ---
  duration_ms: 0.100932
  type: 'test'
  ...
# Subtest: UnitArrived names the unit over the type
ok 316 - UnitArrived names the unit over the type
  ---
  duration_ms: 0.102466
  type: 'test'
  ...
# Subtest: UnitReturnedStarving names the ship possessively
ok 317 - UnitReturnedStarving names the ship possessively
  ---
  duration_ms: 0.101713
  type: 'test'
  ...
# Subtest: UnitAttrition and UnitDeserted name the unit
ok 318 - UnitAttrition and UnitDeserted name the unit
  ---
  duration_ms: 0.181409
  type: 'test'
  ...
# Subtest: UpkeepUnpaid names the unit
ok 319 - UpkeepUnpaid names the unit
  ---
  duration_ms: 0.106727
  type: 'test'
  ...
# Subtest: UnitLostAtSea names the unit
ok 320 - UnitLostAtSea names the unit
  ---
  duration_ms: 0.097573
  type: 'test'
  ...
# Subtest: UnitRecalled and UnitRedirected name the unit
ok 321 - UnitRecalled and UnitRedirected name the unit
  ---
  duration_ms: 0.136055
  type: 'test'
  ...
# Subtest: OrderFailed prefixes the named unit when present
ok 322 - OrderFailed prefixes the named unit when present
  ---
  duration_ms: 0.109368
  type: 'test'
  ...
# Subtest: caravan seizure notices name the cargo when the payload carries it
ok 323 - caravan seizure notices name the cargo when the payload carries it
  ---
  duration_ms: 0.18745
  type: 'test'
  ...
# Subtest: naval seizure notices tell the truth about each ship outcome, never claiming cargo nobody got
ok 324 - naval seizure notices tell the truth about each ship outcome, never claiming cargo nobody got
  ---
  duration_ms: 0.156109
  type: 'test'
  ...
# Subtest: ShipCaptured/ShipLost/ShipStranded read correctly
ok 325 - ShipCaptured/ShipLost/ShipStranded read correctly
  ---
  duration_ms: 0.097383
  type: 'test'
  ...
# Subtest: ForeignMarchSightedV2 says which way — never where — and an arrival only if bound for you
ok 326 - ForeignMarchSightedV2 says which way — never where — and an arrival only if bound for you
  ---
  duration_ms: 0.164113
  type: 'test'
  ...
# Subtest: OrderFailed never shows the raw server verb key
ok 327 - OrderFailed never shows the raw server verb key
  ---
  duration_ms: 0.125743
  type: 'test'
  ...
# Subtest: ShipDamaged and ShipRepaired name the ship over the bare type
ok 328 - ShipDamaged and ShipRepaired name the ship over the bare type
  ---
  duration_ms: 0.107065
  type: 'test'
  ...
# Subtest: insufficient_goods with one missing good names it with need and have
ok 329 - insufficient_goods with one missing good names it with need and have
  ---
  duration_ms: 0.176765
  type: 'test'
  ...
# Subtest: insufficient_goods with several missing goods lists every one
ok 330 - insufficient_goods with several missing goods lists every one
  ---
  duration_ms: 0.126671
  type: 'test'
  ...
# Subtest: insufficient_goods rounds fractional need/have so a lazy-eval float never reaches the eye
ok 331 - insufficient_goods rounds fractional need/have so a lazy-eval float never reaches the eye
  ---
  duration_ms: 0.101538
  type: 'test'
  ...
# Subtest: insufficient_goods with an empty missing array falls back to data.error
ok 332 - insufficient_goods with an empty missing array falls back to data.error
  ---
  duration_ms: 0.09446
  type: 'test'
  ...
# Subtest: a different error code is passed through untouched
ok 333 - a different error code is passed through untouched
  ---
  duration_ms: 0.100933
  type: 'test'
  ...
# Subtest: an empty response body (fetchAuth catch-guard) falls back to the fallback string
ok 334 - an empty response body (fetchAuth catch-guard) falls back to the fallback string
  ---
  duration_ms: 0.106167
  type: 'test'
  ...
# Subtest: MessengerArrival names the sender and the city it reached
ok 335 - MessengerArrival names the sender and the city it reached
  ---
  duration_ms: 0.109118
  type: 'test'
  ...
# Subtest: MessengerArrival with an offer states the bargain, both directions
ok 336 - MessengerArrival with an offer states the bargain, both directions
  ---
  duration_ms: 0.14531
  type: 'test'
  ...
# Subtest: MessengerReturned says whether an answer came back
ok 337 - MessengerReturned says whether an answer came back
  ---
  duration_ms: 0.109363
  type: 'test'
  ...
# Subtest: HexTaken names taker, hex, loser, idle workers and the building
ok 338 - HexTaken names taker, hex, loser, idle workers and the building
  ---
  duration_ms: 0.107073
  type: 'test'
  ...
# Subtest: HexTaken omits the building clause when none stood there and singularises
ok 339 - HexTaken omits the building clause when none stood there and singularises
  ---
  duration_ms: 0.105851
  type: 'test'
  ...
# Subtest: purseLine: full purse, short purse, empty purse, no purse
ok 340 - purseLine: full purse, short purse, empty purse, no purse
  ---
  duration_ms: 0.221254
  type: 'test'
  ...
# Subtest: agora_ready directs to Account and ignores unexpected secret fields
ok 341 - agora_ready directs to Account and ignores unexpected secret fields
  ---
  duration_ms: 0.166808
  type: 'test'
  ...
# Subtest: notifText: ExpeditionTurnedHome says why it turned
ok 342 - notifText: ExpeditionTurnedHome says why it turned
  ---
  duration_ms: 0.110198
  type: 'test'
  ...
# Subtest: notifText: ExpeditionReport groups finds and names cities
ok 343 - notifText: ExpeditionReport groups finds and names cities
  ---
  duration_ms: 0.259747
  type: 'test'
  ...
# Subtest: notifText: ExpeditionReport with no finds is a report, not a blank
ok 344 - notifText: ExpeditionReport with no finds is a report, not a blank
  ---
  duration_ms: 0.193185
  type: 'test'
  ...
# Subtest: ShipFoundered: names the ship, the hex and the cargo lost with her
ok 345 - ShipFoundered: names the ship, the hex and the cargo lost with her
  ---
  duration_ms: 8.264401
  type: 'test'
  ...
# Subtest: ShipFoundered: drowned troops are named
ok 346 - ShipFoundered: drowned troops are named
  ---
  duration_ms: 0.166085
  type: 'test'
  ...
# Subtest: ShipStormDamaged: reads as hull left, not as a loss
ok 347 - ShipStormDamaged: reads as hull left, not as a loss
  ---
  duration_ms: 0.111401
  type: 'test'
  ...
# Subtest: gift notices preserve exact credited and lost quantities and changed owner
ok 348 - gift notices preserve exact credited and lost quantities and changed owner
  ---
  duration_ms: 2.313631
  type: 'test'
  ...
# Subtest: actual Diplomacy drawer places gift among letters with escaped text and no offer controls
ok 349 - actual Diplomacy drawer places gift among letters with escaped text and no offer controls
  ---
  duration_ms: 38.237612
  type: 'test'
  ...
# Subtest: actual Transfer destination loader shows foreign owner and protects replacement form from late response
ok 350 - actual Transfer destination loader shows foreign owner and protects replacement form from late response
  ---
  duration_ms: 1.276317
  type: 'test'
  ...
# Subtest: gift formatter reads returned_quantity from a real PostgreSQL/scan/arrival payload
ok 351 - gift formatter reads returned_quantity from a real PostgreSQL/scan/arrival payload
  ---
  duration_ms: 0.526504
  type: 'test'
  ...
# Subtest: an own unit on the march says where it left from and where it is going
ok 352 - an own unit on the march says where it left from and where it is going
  ---
  duration_ms: 1.813532
  type: 'test'
  ...
# Subtest: an own unit standing still is just its name
ok 353 - an own unit standing still is just its name
  ---
  duration_ms: 1.427063
  type: 'test'
  ...
# Subtest: a foreign march shows its heading, never its destination
ok 354 - a foreign march shows its heading, never its destination
  ---
  duration_ms: 0.176487
  type: 'test'
  ...
# Subtest: a foreign unit says what it is called and whose it is
ok 355 - a foreign unit says what it is called and whose it is
  ---
  duration_ms: 2.098536
  type: 'test'
  ...
# Subtest: a caravan's cargo is shown only to its sender and recipient
ok 356 - a caravan's cargo is shown only to its sender and recipient
  ---
  duration_ms: 0.263661
  type: 'test'
  ...
# Subtest: runners: your own shows its route, a stranger's only whose it is
ok 357 - runners: your own shows its route, a stranger's only whose it is
  ---
  duration_ms: 0.160602
  type: 'test'
  ...
# Subtest: K: inline result is plain text, persistent, accessible and replaces the previous result
ok 358 - K: inline result is plain text, persistent, accessible and replaces the previous result
  ---
  duration_ms: 1.216376
  type: 'test'
  ...
# Subtest: K: abandon opening and cancelling never dispatch, confirmation dispatches once
ok 359 - K: abandon opening and cancelling never dispatch, confirmation dispatches once
  ---
  duration_ms: 0.45776
  type: 'test'
  ...
# Subtest: forecast reads the exact order with GET, including landing and stance
ok 360 - forecast reads the exact order with GET, including landing and stance
  ---
  duration_ms: 1.312982
  type: 'test'
  ...
# Subtest: redirect and courier never masquerade as immediate arrival
ok 361 - redirect and courier never masquerade as immediate arrival
  ---
  duration_ms: 1.398378
  type: 'test'
  ...
# Subtest: each selected unit keeps its own arrival; names and API errors are escaped
ok 362 - each selected unit keeps its own arrival; names and API errors are escaped
  ---
  duration_ms: 25.78384
  type: 'test'
  ...
# Subtest: changing destination discards old response even during debounce; close cancels
ok 363 - changing destination discards old response even during debounce; close cancels
  ---
  duration_ms: 46.105286
  type: 'test'
  ...
# Subtest: AK1: a group of one wears its own name, not the bare type
ok 364 - AK1: a group of one wears its own name, not the bare type
  ---
  duration_ms: 2.029704
  type: 'test'
  ...
# Subtest: AK2: the field unit keeps its (q,r) tag — the name says who supports it, the tag says where it stands
ok 365 - AK2: the field unit keeps its (q,r) tag — the name says who supports it, the tag says where it stands
  ---
  duration_ms: 0.35594
  type: 'test'
  ...
# Subtest: AK3: a garrisoned unit does not say its town twice
ok 366 - AK3: a garrisoned unit does not say its town twice
  ---
  duration_ms: 0.429686
  type: 'test'
  ...
# Subtest: AK4: a group of several keeps the type label and lists its members in send order
ok 367 - AK4: a group of several keeps the type label and lists its members in send order
  ---
  duration_ms: 0.995408
  type: 'test'
  ...
# Subtest: AK5: a lone unit gets no member list — the label already names it
ok 368 - AK5: a lone unit gets no member list — the label already names it
  ---
  duration_ms: 0.226982
  type: 'test'
  ...
# Subtest: AK6: units at different places stay different groups
ok 369 - AK6: units at different places stay different groups
  ---
  duration_ms: 0.15125
  type: 'test'
  ...
# Subtest: AK7: a missing display_name falls back to the type label, never a blank row
ok 370 - AK7: a missing display_name falls back to the type label, never a blank row
  ---
  duration_ms: 0.345632
  type: 'test'
  ...
# Subtest: AK8: a hostile unit name is escaped, not injected
ok 371 - AK8: a hostile unit name is escaped, not injected
  ---
  duration_ms: 0.174385
  type: 'test'
  ...
# Subtest: MI1: sea target is always explore, regardless of the checkbox
ok 372 - MI1: sea target is always explore, regardless of the checkbox
  ---
  duration_ms: 0.381861
  type: 'test'
  ...
# Subtest: MI2: an unseen (fog) land target is always explore — the only intent the server FOW rule allows there
ok 373 - MI2: an unseen (fog) land target is always explore — the only intent the server FOW rule allows there
  ---
  duration_ms: 0.418329
  type: 'test'
  ...
# Subtest: MI3: a known land target is a plain march by default
ok 374 - MI3: a known land target is a plain march by default
  ---
  duration_ms: 0.181023
  type: 'test'
  ...
# Subtest: MI4: a known land target explores when the player opts in
ok 375 - MI4: a known land target explores when the player opts in
  ---
  duration_ms: 0.111162
  type: 'test'
  ...
# Subtest: MI5: exploreRowVisible offers the checkbox on land, never on sea or a settlement
ok 376 - MI5: exploreRowVisible offers the checkbox on land, never on sea or a settlement
  ---
  duration_ms: 0.115433
  type: 'test'
  ...
# Subtest: AK9: a garrisoned/positioned unit is eligible to march
ok 377 - AK9: a garrisoned/positioned unit is eligible to march
  ---
  duration_ms: 0.096403
  type: 'test'
  ...
# Subtest: AK10: a marching unit is eligible too — but for redirect, not a fresh march
ok 378 - AK10: a marching unit is eligible too — but for redirect, not a fresh march
  ---
  duration_ms: 0.095619
  type: 'test'
  ...
# Subtest: R3 (megaron_plan_skeppsuppdrag_landsatt.md): a marching SHIP is not eligible for redirect — it takes no orders at sea
ok 379 - R3 (megaron_plan_skeppsuppdrag_landsatt.md): a marching SHIP is not eligible for redirect — it takes no orders at sea
  ---
  duration_ms: 0.095425
  type: 'test'
  ...
# Subtest: AK11: a fortified unit stays ineligible (server blocks fresh march on it)
ok 380 - AK11: a fortified unit stays ineligible (server blocks fresh march on it)
  ---
  duration_ms: 0.091892
  type: 'test'
  ...
# Subtest: AK12: a still-forming/training unit stays ineligible even while nominally marching-shaped
ok 381 - AK12: a still-forming/training unit stays ineligible even while nominally marching-shaped
  ---
  duration_ms: 0.088601
  type: 'test'
  ...
# Subtest: AK13: a unit embarked/disbanded/other status is ineligible
ok 382 - AK13: a unit embarked/disbanded/other status is ineligible
  ---
  duration_ms: 0.077246
  type: 'test'
  ...
# Subtest: AK14: marching and garrisoned units of the same type+hex stay in SEPARATE groups — a redirect send must never merge with a fresh-march send
ok 383 - AK14: marching and garrisoned units of the same type+hex stay in SEPARATE groups — a redirect send must never merge with a fresh-march send
  ---
  duration_ms: 0.207318
  type: 'test'
  ...
# Subtest: AK15: a redirect group is marked in its label — the player must see this send goes to a Runner
ok 384 - AK15: a redirect group is marked in its label — the player must see this send goes to a Runner
  ---
  duration_ms: 0.131222
  type: 'test'
  ...
# Subtest: H: defaults send all available units in the chosen first group, other groups stay unselected
ok 385 - H: defaults send all available units in the chosen first group, other groups stay unselected
  ---
  duration_ms: 0.137714
  type: 'test'
  ...
# Subtest: H: War target selection lists only the selected unit; normal map menu keeps all eligible units
ok 386 - H: War target selection lists only the selected unit; normal map menu keeps all eligible units
  ---
  duration_ms: 0.283578
  type: 'test'
  ...
# Subtest: H: a loaded ship can land on known land, while empty and marching ships cannot
ok 387 - H: a loaded ship can land on known land, while empty and marching ships cannot
  ---
  duration_ms: 0.274945
  type: 'test'
  ...
# Subtest: H: landing preserves cargo-colonize/name and omits naval stance; explore and plain land retain options
ok 388 - H: landing preserves cargo-colonize/name and omits naval stance; explore and plain land retain options
  ---
  duration_ms: 0.19201
  type: 'test'
  ...
# Subtest: H: colony forecast keeps production and food duration in game-day words
ok 389 - H: colony forecast keeps production and food duration in game-day words
  ---
  duration_ms: 17.520755
  type: 'test'
  ...
# Subtest: AK1: monthLabel appends the 1..12 ordinal for an ordinary month
ok 390 - AK1: monthLabel appends the 1..12 ordinal for an ordinary month
  ---
  duration_ms: 1.306971
  type: 'test'
  ...
# Subtest: AK2: monthLabel gives the intercalary Shadow Days no ordinal
ok 391 - AK2: monthLabel gives the intercalary Shadow Days no ordinal
  ---
  duration_ms: 0.35196
  type: 'test'
  ...
# Subtest: AK3 (regression): the notification drawer date header carries the ordinal for a normal month
ok 392 - AK3 (regression): the notification drawer date header carries the ordinal for a normal month
  ---
  duration_ms: 0.148353
  type: 'test'
  ...
# Subtest: MC1: nothing playing — a cue is allowed
ok 393 - MC1: nothing playing — a cue is allowed
  ---
  duration_ms: 0.213756
  type: 'test'
  ...
# Subtest: MC2: a higher-priority cue replaces a lower one (doom > war > victory)
ok 394 - MC2: a higher-priority cue replaces a lower one (doom > war > victory)
  ---
  duration_ms: 0.410506
  type: 'test'
  ...
# Subtest: MC3: a lower-or-equal-priority cue is dropped while one is already playing
ok 395 - MC3: a lower-or-equal-priority cue is dropped while one is already playing
  ---
  duration_ms: 0.141573
  type: 'test'
  ...
# Subtest: MC4: the same cue name within 10 minutes is dropped, and allowed again after
ok 396 - MC4: the same cue name within 10 minutes is dropped, and allowed again after
  ---
  duration_ms: 0.202477
  type: 'test'
  ...
# Subtest: MC5: muted, or not yet started (no user gesture), drops the cue
ok 397 - MC5: muted, or not yet started (no user gesture), drops the cue
  ---
  duration_ms: 0.142716
  type: 'test'
  ...
# Subtest: IH1: a valid, fresh handoff returns its pos
ok 398 - IH1: a valid, fresh handoff returns its pos
  ---
  duration_ms: 1.030305
  type: 'test'
  ...
# Subtest: IH2: missing or unparseable JSON returns null
ok 399 - IH2: missing or unparseable JSON returns null
  ---
  duration_ms: 0.862066
  type: 'test'
  ...
# Subtest: IH3: a negative or non-finite pos returns null
ok 400 - IH3: a negative or non-finite pos returns null
  ---
  duration_ms: 0.216654
  type: 'test'
  ...
# Subtest: IH4: an `at` older than 120s returns null, exactly-fresh does not
ok 401 - IH4: an `at` older than 120s returns null, exactly-fresh does not
  ---
  duration_ms: 0.126533
  type: 'test'
  ...
# Subtest: BR1: nextBedTrack never repeats the track that just ended
ok 402 - BR1: nextBedTrack never repeats the track that just ended
  ---
  duration_ms: 0.29105
  type: 'test'
  ...
# Subtest: BR2: nextBedTrack with one track returns it, and with no last picks from all
ok 403 - BR2: nextBedTrack with one track returns it, and with no last picks from all
  ---
  duration_ms: 0.091094
  type: 'test'
  ...
# Subtest: BR4: nextBedTrack never lets a piece follow itself in its other timbre
ok 404 - BR4: nextBedTrack never lets a piece follow itself in its other timbre
  ---
  duration_ms: 1.043277
  type: 'test'
  ...
# Subtest: BR3: bedGapMs stays within 30–90 s at both ends
ok 405 - BR3: bedGapMs stays within 30–90 s at both ends
  ---
  duration_ms: 0.147513
  type: 'test'
  ...
# Subtest: an ordinary own march is outgoing — read from the unit layer, not marching_armies
ok 406 - an ordinary own march is outgoing — read from the unit layer, not marching_armies
  ---
  duration_ms: 2.137098
  type: 'test'
  ...
# Subtest: a sighted foreign march that seems bound for an own city is incoming, as an estimate
ok 407 - a sighted foreign march that seems bound for an own city is incoming, as an estimate
  ---
  duration_ms: 1.112373
  type: 'test'
  ...
# Subtest: legacy marching_armies rows (recall) still show, sorted by arrival with unit marches
ok 408 - legacy marching_armies rows (recall) still show, sorted by arrival with unit marches
  ---
  duration_ms: 8.227857
  type: 'test'
  ...
# Subtest: the map glow lights own cities a foreign march seems bound for — never a march elsewhere
ok 409 - the map glow lights own cities a foreign march seems bound for — never a march elsewhere
  ---
  duration_ms: 0.326697
  type: 'test'
  ...
# Subtest: a legacy recall column onto an own province is no threat
ok 410 - a legacy recall column onto an own province is no threat
  ---
  duration_ms: 0.167234
  type: 'test'
  ...
# Subtest: Recall all attempts every marching unit despite a refusal
ok 411 - Recall all attempts every marching unit despite a refusal
  ---
  duration_ms: 3.285126
  type: 'test'
  ...
# Subtest: no marching units means disabled button and no recall requests
ok 412 - no marching units means disabled button and no recall requests
  ---
  duration_ms: 0.292306
  type: 'test'
  ...
# Subtest: a transport failure names that unit and continues to later units
ok 413 - a transport failure names that unit and continues to later units
  ---
  duration_ms: 0.377988
  type: 'test'
  ...
# Subtest: presets: the label names the losses, the value is the strength left
ok 414 - presets: the label names the losses, the value is the strength left
  ---
  duration_ms: 1.621286
  type: 'test'
  ...
# Subtest: retreatBody: each mode maps to exactly one API field
ok 415 - retreatBody: each mode maps to exactly one API field
  ---
  duration_ms: 0.313296
  type: 'test'
  ...
# Subtest: retreatDefaultValue/Label: the GET body reads back as the chosen option
ok 416 - retreatDefaultValue/Label: the GET body reads back as the chosen option
  ---
  duration_ms: 0.237494
  type: 'test'
  ...
# Subtest: section: current value selected, says it only reaches battles entered from now on
ok 417 - section: current value selected, says it only reaches battles entered from now on
  ---
  duration_ms: 1.671576
  type: 'test'
  ...
# Subtest: section: a custom keryx threshold gets its own selected option
ok 418 - section: a custom keryx threshold gets its own selected option
  ---
  duration_ms: 0.466884
  type: 'test'
  ...
# Subtest: section: a failed read says so rather than showing the default as if it were set
ok 419 - section: a failed read says so rather than showing the default as if it were set
  ---
  duration_ms: 0.243098
  type: 'test'
  ...
# Subtest: per-unit control: only while the unit is fighting, and it says "this battle"
ok 420 - per-unit control: only while the unit is fighting, and it says "this battle"
  ---
  duration_ms: 0.293456
  type: 'test'
  ...
# Subtest: outbox: an outbound runner on the road shows its arrival, never the raw status
ok 421 - outbox: an outbound runner on the road shows its arrival, never the raw status
  ---
  duration_ms: 20.578788
  type: 'test'
  ...
# Subtest: outbox: a runner waiting in port names the port, not a past arrival
ok 422 - outbox: a runner waiting in port names the port, not a past arrival
  ---
  duration_ms: 0.334249
  type: 'test'
  ...
# Subtest: outbox: a runner aboard names its ship
ok 423 - outbox: a runner aboard names its ship
  ---
  duration_ms: 0.510669
  type: 'test'
  ...
# Subtest: outbox: delivered, returning, arrived each read as what they are
ok 424 - outbox: delivered, returning, arrived each read as what they are
  ---
  duration_ms: 0.40425
  type: 'test'
  ...
# Subtest: outbox: a returning runner waiting for a ship home says so
ok 425 - outbox: a returning runner waiting for a ship home says so
  ---
  duration_ms: 0.214841
  type: 'test'
  ...
# Subtest: outbox: a sealed runner (ship lost) is not shown as arriving
ok 426 - outbox: a sealed runner (ship lost) is not shown as arriving
  ---
  duration_ms: 0.141286
  type: 'test'
  ...
# Subtest: outbox: a port name is escaped
ok 427 - outbox: a port name is escaped
  ---
  duration_ms: 0.12612
  type: 'test'
  ...
# Subtest: order card: a runner waiting for a ship never claims to be carrying the order
ok 428 - order card: a runner waiting for a ship never claims to be carrying the order
  ---
  duration_ms: 0.185564
  type: 'test'
  ...
# Subtest: order card: the ordinary land runner keeps its two states
ok 429 - order card: the ordinary land runner keeps its two states
  ---
  duration_ms: 0.757884
  type: 'test'
  ...
# Subtest: T2: rescue uncertainty says no word without an ETA or carrier hint
ok 430 - T2: rescue uncertainty says no word without an ETA or carrier hint
  ---
  duration_ms: 0.499303
  type: 'test'
  ...
# Subtest: Enter with nothing selected (idx -1) acts on the first hit
ok 431 - Enter with nothing selected (idx -1) acts on the first hit
  ---
  duration_ms: 0.967083
  type: 'test'
  ...
# Subtest: Enter with an arrow-selected row acts on that row
ok 432 - Enter with an arrow-selected row acts on that row
  ---
  duration_ms: 0.168549
  type: 'test'
  ...
# Subtest: Enter with no results acts on nothing
ok 433 - Enter with no results acts on nothing
  ---
  duration_ms: 0.137316
  type: 'test'
  ...
# Subtest: a stale selection past the end falls back to the first hit
ok 434 - a stale selection past the end falls back to the first hit
  ---
  duration_ms: 0.131664
  type: 'test'
  ...
# Subtest: AK1: import does not touch DOM/window before this point (proven by reaching here)
ok 435 - AK1: import does not touch DOM/window before this point (proven by reaching here)
  ---
  duration_ms: 0.896428
  type: 'test'
  ...
# Subtest: AK2: centreOn moves State.camera without throwing against a headless canvas
ok 436 - AK2: centreOn moves State.camera without throwing against a headless canvas
  ---
  duration_ms: 0.335629
  type: 'test'
  ...
# Subtest: searches received letters by text and either city, case-insensitively
ok 437 - searches received letters by text and either city, case-insensitively
  ---
  duration_ms: 1.157001
  type: 'test'
  ...
# Subtest: searches rumours by text, region and category without exposing coordinates
ok 438 - searches rumours by text, region and category without exposing coordinates
  ---
  duration_ms: 0.236821
  type: 'test'
  ...
# Subtest: blank query and nonmatches add no rows; untrusted sender and region are escaped
ok 439 - blank query and nonmatches add no rows; untrusted sender and region are escaped
  ---
  duration_ms: 0.21202
  type: 'test'
  ...
# Subtest: loads only current-world inbox and gossip using supplied authenticated reader
ok 440 - loads only current-world inbox and gossip using supplied authenticated reader
  ---
  duration_ms: 1.795918
  type: 'test'
  ...
# Subtest: partial API failure preserves the other source and reports missing results
ok 441 - partial API failure preserves the other source and reports missing results
  ---
  duration_ms: 0.36005
  type: 'test'
  ...
# Subtest: HTTP failure or invalid response is not reported as a successful empty inbox
ok 442 - HTTP failure or invalid response is not reported as a successful empty inbox
  ---
  duration_ms: 0.314365
  type: 'test'
  ...
# Subtest: null SQL aggregate responses are valid empty results
ok 443 - null SQL aggregate responses are valid empty results
  ---
  duration_ms: 0.442077
  type: 'test'
  ...
# Subtest: SX1: muting the music mutes the war sounds — one control for all audio
ok 444 - SX1: muting the music mutes the war sounds — one control for all audio
  ---
  duration_ms: 2.321288
  type: 'test'
  ...
# Subtest: SX2: the same sound will not stack on itself within the throttle window
ok 445 - SX2: the same sound will not stack on itself within the throttle window
  ---
  duration_ms: 0.24946
  type: 'test'
  ...
# Subtest: SX3: the horn and the clash throttle independently — an order during a battle is still heard
ok 446 - SX3: the horn and the clash throttle independently — an order during a battle is still heard
  ---
  duration_ms: 0.149792
  type: 'test'
  ...
# Subtest: SX4: a refused play does NOT arm the window — it stays refused, not re-armed by asking
ok 447 - SX4: a refused play does NOT arm the window — it stays refused, not re-armed by asking
  ---
  duration_ms: 0.14763
  type: 'test'
  ...
# Subtest: SX5: with no WebAudio (the Node case, and an old browser) the sounds are silent no-ops, never throws
ok 448 - SX5: with no WebAudio (the Node case, and an old browser) the sounds are silent no-ops, never throws
  ---
  duration_ms: 0.399291
  type: 'test'
  ...
# Subtest: SX6: mute survives across sound kinds and is readable
ok 449 - SX6: mute survives across sound kinds and is readable
  ---
  duration_ms: 0.12913
  type: 'test'
  ...
# Subtest: SX-A1: arrivals get the arrival call, other dispatches a chime, own-sound kinds nothing extra
ok 450 - SX-A1: arrivals get the arrival call, other dispatches a chime, own-sound kinds nothing extra
  ---
  duration_ms: 0.375177
  type: 'test'
  ...
# Subtest: SX-A2: the chime and the arrival call are throttled independently and obey mute
ok 451 - SX-A2: the chime and the arrival call are throttled independently and obey mute
  ---
  duration_ms: 0.13423
  type: 'test'
  ...
# Subtest: SX-M1: musicCueFor routes ForeignMarchSighted to war only when it threatens a settlement
ok 452 - SX-M1: musicCueFor routes ForeignMarchSighted to war only when it threatens a settlement
  ---
  duration_ms: 0.639118
  type: 'test'
  ...
# Subtest: SX-M2: musicCueFor routes capture/occupation by role
ok 453 - SX-M2: musicCueFor routes capture/occupation by role
  ---
  duration_ms: 0.483211
  type: 'test'
  ...
# Subtest: SX-M3: everything else — including BattleWon/BattleLost, which keep only their clash SFX — routes to no cue
ok 454 - SX-M3: everything else — including BattleWon/BattleLost, which keep only their clash SFX — routes to no cue
  ---
  duration_ms: 0.273803
  type: 'test'
  ...
# Subtest: SX-M1b: the V2 sighting routes to war only when it seems bound for your lands
ok 455 - SX-M1b: the V2 sighting routes to war only when it seems bound for your lands
  ---
  duration_ms: 0.217341
  type: 'test'
  ...
# Subtest: canTakeStance: a marching land unit can take a stance, a ship never
ok 456 - canTakeStance: a marching land unit can take a stance, a ship never
  ---
  duration_ms: 0.888753
  type: 'test'
  ...
# Subtest: stanceSentLine: a marching unit — the messenger must catch up, where and when
ok 457 - stanceSentLine: a marching unit — the messenger must catch up, where and when
  ---
  duration_ms: 0.327564
  type: 'test'
  ...
# Subtest: stanceSentLine: no messenger can overtake — it follows the unit to its destination
ok 458 - stanceSentLine: no messenger can overtake — it follows the unit to its destination
  ---
  duration_ms: 0.166175
  type: 'test'
  ...
# Subtest: stanceSentLine: a standing field unit keeps the plain receipt
ok 459 - stanceSentLine: a standing field unit keeps the plain receipt
  ---
  duration_ms: 0.134692
  type: 'test'
  ...
# Subtest: I: missing or invalid arrival never prints Invalid Date or NaNm
ok 460 - I: missing or invalid arrival never prints Invalid Date or NaNm
  ---
  duration_ms: 0.815504
  type: 'test'
  ...
# Subtest: I: authoritative tick still works without ISO and overrides invalid ISO
ok 461 - I: authoritative tick still works without ISO and overrides invalid ISO
  ---
  duration_ms: 11.100174
  type: 'test'
  ...
# Subtest: I: valid ISO fallback still has arrival and completed wording
ok 462 - I: valid ISO fallback still has arrival and completed wording
  ---
  duration_ms: 0.428599
  type: 'test'
  ...
# Subtest: P: garrison shows March and eligible Reinforce; stance and battle retreat are directly available
ok 463 - P: garrison shows March and eligible Reinforce; stance and battle retreat are directly available
  ---
  duration_ms: 10.368434
  type: 'test'
  ...
# Subtest: P: marching land has Recall, stance and typed redirect directly available
ok 464 - P: marching land has Recall, stance and typed redirect directly available
  ---
  duration_ms: 0.263593
  type: 'test'
  ...
# Subtest: P: positioned units remain orderable and fetch uses server-provided ships
ok 465 - P: positioned units remain orderable and fetch uses server-provided ships
  ---
  duration_ms: 0.147678
  type: 'test'
  ...
# Subtest: P: naval loading unloading and repair are directly available; at sea has no recall or redirect
ok 466 - P: naval loading unloading and repair are directly available; at sea has no recall or redirect
  ---
  duration_ms: 0.397611
  type: 'test'
  ...
# Subtest: P: forming training embarked repairing and freight do not offer inapplicable orders
ok 467 - P: forming training embarked repairing and freight do not offer inapplicable orders
  ---
  duration_ms: 0.345081
  type: 'test'
  ...
# Subtest: P: every server lifecycle status has a player label; unknown status never leaks raw jargon
ok 468 - P: every server lifecycle status has a player label; unknown status never leaks raw jargon
  ---
  duration_ms: 0.163942
  type: 'test'
  ...
# Subtest: P: ships off the coast take no March while a city remains, but keep the R6 stranded exception
ok 469 - P: ships off the coast take no March while a city remains, but keep the R6 stranded exception
  ---
  duration_ms: 0.191902
  type: 'test'
  ...
# Subtest: P: numeric values and missing ETA guards survive the restoration
ok 470 - P: numeric values and missing ETA guards survive the restoration
  ---
  duration_ms: 0.25777
  type: 'test'
  ...
# Subtest: Umami parity: every mutating vault verb has an event or explicit kingdom exclusion
ok 471 - Umami parity: every mutating vault verb has an event or explicit kingdom exclusion
  ---
  duration_ms: 1.18867
  type: 'test'
  ...
# Subtest: Umami parity: a newly added vault verb and removed catalog entry fail
ok 472 - Umami parity: a newly added vault verb and removed catalog entry fail
  ---
  duration_ms: 0.828473
  type: 'test'
  ...
# Subtest: Umami success: build POST /api/v1/worlds/:world/provinces/:province/build
ok 473 - Umami success: build POST /api/v1/worlds/:world/provinces/:province/build
  ---
  duration_ms: 21.020633
  type: 'test'
  ...
# Subtest: Umami success: cancel-build DELETE /api/v1/worlds/:world/provinces/:province/build-queue/:queue
ok 474 - Umami success: cancel-build DELETE /api/v1/worlds/:world/provinces/:province/build-queue/:queue
  ---
  duration_ms: 1.067097
  type: 'test'
  ...
# Subtest: Umami success: recruit POST /api/v1/worlds/:world/provinces/:province/recruit
ok 475 - Umami success: recruit POST /api/v1/worlds/:world/provinces/:province/recruit
  ---
  duration_ms: 0.910808
  type: 'test'
  ...
# Subtest: Umami success: place POST /api/v1/worlds/:world/provinces/:province/placements
ok 476 - Umami success: place POST /api/v1/worlds/:world/provinces/:province/placements
  ---
  duration_ms: 0.92765
  type: 'test'
  ...
# Subtest: Umami success: staff POST /api/v1/worlds/:world/provinces/:province/placements
ok 477 - Umami success: staff POST /api/v1/worlds/:world/provinces/:province/placements
  ---
  duration_ms: 0.707103
  type: 'test'
  ...
# Subtest: Umami success: unplace DELETE /api/v1/worlds/:world/provinces/:province/placements/:ordinal
ok 478 - Umami success: unplace DELETE /api/v1/worlds/:world/provinces/:province/placements/:ordinal
  ---
  duration_ms: 1.345401
  type: 'test'
  ...
# Subtest: Umami success: labor PUT /api/v1/worlds/:world/provinces/:province/labor
ok 479 - Umami success: labor PUT /api/v1/worlds/:world/provinces/:province/labor
  ---
  duration_ms: 1.554192
  type: 'test'
  ...
# Subtest: Umami success: slaughter POST /api/v1/worlds/:world/provinces/:province/slaughter-livestock
ok 480 - Umami success: slaughter POST /api/v1/worlds/:world/provinces/:province/slaughter-livestock
  ---
  duration_ms: 0.764477
  type: 'test'
  ...
# Subtest: Umami success: disband POST /api/v1/worlds/:world/provinces/:province/disband
ok 481 - Umami success: disband POST /api/v1/worlds/:world/provinces/:province/disband
  ---
  duration_ms: 1.133868
  type: 'test'
  ...
# Subtest: Umami success: transfer POST /api/v1/worlds/:world/provinces/:province/trade
ok 482 - Umami success: transfer POST /api/v1/worlds/:world/provinces/:province/trade
  ---
  duration_ms: 1.376539
  type: 'test'
  ...
# Subtest: Umami success: gift/tribute POST /api/v1/worlds/:world/provinces/:province/trade
ok 483 - Umami success: gift/tribute POST /api/v1/worlds/:world/provinces/:province/trade
  ---
  duration_ms: 0.640605
  type: 'test'
  ...
# Subtest: Umami success: abandon POST /api/v1/worlds/:world/settlements/:settlement/abandon
ok 484 - Umami success: abandon POST /api/v1/worlds/:world/settlements/:settlement/abandon
  ---
  duration_ms: 0.469541
  type: 'test'
  ...
# Subtest: Umami success: rite POST /api/v1/worlds/:world/settlements/:settlement/rite
ok 485 - Umami success: rite POST /api/v1/worlds/:world/settlements/:settlement/rite
  ---
  duration_ms: 0.403762
  type: 'test'
  ...
# Subtest: Umami success: gift POST /api/v1/worlds/:world/settlements/:settlement/gift
ok 486 - Umami success: gift POST /api/v1/worlds/:world/settlements/:settlement/gift
  ---
  duration_ms: 0.421474
  type: 'test'
  ...
# Subtest: Umami success: occupation-order POST /api/v1/worlds/:world/settlements/:settlement/occupation-order
ok 487 - Umami success: occupation-order POST /api/v1/worlds/:world/settlements/:settlement/occupation-order
  ---
  duration_ms: 0.370982
  type: 'test'
  ...
# Subtest: Umami success: march POST /api/v1/worlds/:world/units/:unit/march
ok 488 - Umami success: march POST /api/v1/worlds/:world/units/:unit/march
  ---
  duration_ms: 0.376044
  type: 'test'
  ...
# Subtest: Umami success: recall POST /api/v1/worlds/:world/units/:unit/recall
ok 489 - Umami success: recall POST /api/v1/worlds/:world/units/:unit/recall
  ---
  duration_ms: 0.404467
  type: 'test'
  ...
# Subtest: Umami success: redirect POST /api/v1/worlds/:world/units/:unit/recall
ok 490 - Umami success: redirect POST /api/v1/worlds/:world/units/:unit/recall
  ---
  duration_ms: 0.400118
  type: 'test'
  ...
# Subtest: Umami success: stance POST /api/v1/worlds/:world/units/:unit/stance
ok 491 - Umami success: stance POST /api/v1/worlds/:world/units/:unit/stance
  ---
  duration_ms: 1.2358
  type: 'test'
  ...
# Subtest: Umami success: retreat-order POST /api/v1/worlds/:world/units/:unit/standing-orders
ok 492 - Umami success: retreat-order POST /api/v1/worlds/:world/units/:unit/standing-orders
  ---
  duration_ms: 0.606365
  type: 'test'
  ...
# Subtest: Umami success: retreat-default PUT /api/v1/worlds/:world/retreat-default
ok 493 - Umami success: retreat-default PUT /api/v1/worlds/:world/retreat-default
  ---
  duration_ms: 0.431558
  type: 'test'
  ...
# Subtest: Umami success: reinforce POST /api/v1/worlds/:world/units/:unit/reinforce
ok 494 - Umami success: reinforce POST /api/v1/worlds/:world/units/:unit/reinforce
  ---
  duration_ms: 0.538171
  type: 'test'
  ...
# Subtest: Umami success: repair POST /api/v1/worlds/:world/units/:unit/repair
ok 495 - Umami success: repair POST /api/v1/worlds/:world/units/:unit/repair
  ---
  duration_ms: 0.485058
  type: 'test'
  ...
# Subtest: Umami success: load POST /api/v1/worlds/:world/units/:unit/load
ok 496 - Umami success: load POST /api/v1/worlds/:world/units/:unit/load
  ---
  duration_ms: 0.443264
  type: 'test'
  ...
# Subtest: Umami success: unload POST /api/v1/worlds/:world/units/:unit/unload
ok 497 - Umami success: unload POST /api/v1/worlds/:world/units/:unit/unload
  ---
  duration_ms: 0.503019
  type: 'test'
  ...
# Subtest: Umami success: join POST /api/v1/worlds/:world/join
ok 498 - Umami success: join POST /api/v1/worlds/:world/join
  ---
  duration_ms: 0.370006
  type: 'test'
  ...
# Subtest: Umami success: founding settle POST /api/v1/worlds/:world/founding/settle
ok 499 - Umami success: founding settle POST /api/v1/worlds/:world/founding/settle
  ---
  duration_ms: 0.37931
  type: 'test'
  ...
# Subtest: Umami success: message POST /api/v1/worlds/:world/settlements/:settlement/messengers
ok 500 - Umami success: message POST /api/v1/worlds/:world/settlements/:settlement/messengers
  ---
  duration_ms: 0.484034
  type: 'test'
  ...
# Subtest: Umami success: trade-offer POST /api/v1/worlds/:world/settlements/:settlement/messengers
ok 501 - Umami success: trade-offer POST /api/v1/worlds/:world/settlements/:settlement/messengers
  ---
  duration_ms: 0.393585
  type: 'test'
  ...
# Subtest: Umami success: message POST /api/v1/worlds/:world/founding/messengers
ok 502 - Umami success: message POST /api/v1/worlds/:world/founding/messengers
  ---
  duration_ms: 0.50113
  type: 'test'
  ...
# Subtest: Umami success: trade-offer POST /api/v1/worlds/:world/founding/messengers
ok 503 - Umami success: trade-offer POST /api/v1/worlds/:world/founding/messengers
  ---
  duration_ms: 0.343822
  type: 'test'
  ...
# Subtest: Umami success: reply POST /api/v1/worlds/:world/messengers/:messenger/reply
ok 504 - Umami success: reply POST /api/v1/worlds/:world/messengers/:messenger/reply
  ---
  duration_ms: 0.319131
  type: 'test'
  ...
# Subtest: Umami success: trade-accept POST /api/v1/worlds/:world/messengers/:messenger/trade-accept
ok 505 - Umami success: trade-accept POST /api/v1/worlds/:world/messengers/:messenger/trade-accept
  ---
  duration_ms: 0.320359
  type: 'test'
  ...
# Subtest: Umami success: trade-decline POST /api/v1/worlds/:world/messengers/:messenger/trade-decline
ok 506 - Umami success: trade-decline POST /api/v1/worlds/:world/messengers/:messenger/trade-decline
  ---
  duration_ms: 0.318014
  type: 'test'
  ...
# Subtest: Umami success: trade-cancel POST /api/v1/worlds/:world/messengers/:messenger/trade-cancel
ok 507 - Umami success: trade-cancel POST /api/v1/worlds/:world/messengers/:messenger/trade-cancel
  ---
  duration_ms: 0.418377
  type: 'test'
  ...
# Subtest: Umami success: arrange passage POST /api/v1/worlds/:world/messengers/:messenger/passage
ok 508 - Umami success: arrange passage POST /api/v1/worlds/:world/messengers/:messenger/passage
  ---
  duration_ms: 0.324968
  type: 'test'
  ...
# Subtest: Umami success: fetch by ship POST /api/v1/worlds/:world/units/:unit/pickup
ok 509 - Umami success: fetch by ship POST /api/v1/worlds/:world/units/:unit/pickup
  ---
  duration_ms: 0.342527
  type: 'test'
  ...
# Subtest: Umami success: call back POST /api/v1/worlds/:world/messengers/:messenger/call-back
ok 510 - Umami success: call back POST /api/v1/worlds/:world/messengers/:messenger/call-back
  ---
  duration_ms: 0.38643
  type: 'test'
  ...
# Subtest: Umami success: standing order POST /api/v1/worlds/:world/standing-orders
ok 511 - Umami success: standing order POST /api/v1/worlds/:world/standing-orders
  ---
  duration_ms: 0.316839
  type: 'test'
  ...
# Subtest: Umami success: standing order pause POST /api/v1/worlds/:world/standing-orders/:order/pause
ok 512 - Umami success: standing order pause POST /api/v1/worlds/:world/standing-orders/:order/pause
  ---
  duration_ms: 0.323608
  type: 'test'
  ...
# Subtest: Umami success: standing order resume POST /api/v1/worlds/:world/standing-orders/:order/resume
ok 513 - Umami success: standing order resume POST /api/v1/worlds/:world/standing-orders/:order/resume
  ---
  duration_ms: 0.334791
  type: 'test'
  ...
# Subtest: Umami success: standing order delete DELETE /api/v1/worlds/:world/standing-orders/:order
ok 514 - Umami success: standing order delete DELETE /api/v1/worlds/:world/standing-orders/:order
  ---
  duration_ms: 0.379438
  type: 'test'
  ...
# Subtest: Umami success: report POST /api/v1/worlds/:world/reports
ok 515 - Umami success: report POST /api/v1/worlds/:world/reports
  ---
  duration_ms: 0.365525
  type: 'test'
  ...
# Subtest: Umami success: mark notifications read (all) POST /api/v1/worlds/:world/notifications/read-all
ok 516 - Umami success: mark notifications read (all) POST /api/v1/worlds/:world/notifications/read-all
  ---
  duration_ms: 0.337816
  type: 'test'
  ...
# Subtest: Umami success: mark notification read (one) POST /api/v1/worlds/:world/notifications/:notification/read
ok 517 - Umami success: mark notification read (one) POST /api/v1/worlds/:world/notifications/:notification/read
  ---
  duration_ms: 0.326062
  type: 'test'
  ...
# Subtest: Umami success: delete notifications DELETE /api/v1/worlds/:world/notifications
ok 518 - Umami success: delete notifications DELETE /api/v1/worlds/:world/notifications
  ---
  duration_ms: 0.338022
  type: 'test'
  ...
# Subtest: Umami success: password POST /api/v1/auth/password
ok 519 - Umami success: password POST /api/v1/auth/password
  ---
  duration_ms: 0.319343
  type: 'test'
  ...
# Subtest: Umami success: agora password POST /api/v1/agora/password
ok 520 - Umami success: agora password POST /api/v1/agora/password
  ---
  duration_ms: 0.30515
  type: 'test'
  ...
# Subtest: Umami success: notification-preferences PUT /api/v1/notification-preferences/:kind
ok 521 - Umami success: notification-preferences PUT /api/v1/notification-preferences/:kind
  ---
  duration_ms: 0.371186
  type: 'test'
  ...
# Subtest: Umami success: notification-preferences DELETE /api/v1/notification-preferences/:kind
ok 522 - Umami success: notification-preferences DELETE /api/v1/notification-preferences/:kind
  ---
  duration_ms: 0.328475
  type: 'test'
  ...
# Subtest: Umami preserves all eight historical verb event names
ok 523 - Umami preserves all eight historical verb event names
  ---
  duration_ms: 0.170167
  type: 'test'
  ...
# Subtest: Umami counts requests only after OK, including bulk partial success and 204
ok 524 - Umami counts requests only after OK, including bulk partial success and 204
  ---
  duration_ms: 3.029757
  type: 'test'
  ...
# Subtest: Umami drops IDs, names, passwords, free text, positions and arbitrary enum lookalikes
ok 525 - Umami drops IDs, names, passwords, free text, positions and arbitrary enum lookalikes
  ---
  duration_ms: 0.534464
  type: 'test'
  ...
# Subtest: Umami retains only known public category values
ok 526 - Umami retains only known public category values
  ---
  duration_ms: 0.401208
  type: 'test'
  ...
# Subtest: Umami refusal reason_code is whitelisted server token, never response prose or IDs
ok 527 - Umami refusal reason_code is whitelisted server token, never response prose or IDs
  ---
  duration_ms: 1.47088
  type: 'test'
  ...
# Subtest: Umami ignores GET, wrong method, unknown routes and gated kingdoms
ok 528 - Umami ignores GET, wrong method, unknown routes and gated kingdoms
  ---
  duration_ms: 0.437321
  type: 'test'
  ...
# Subtest: Umami never reports success/refusal for 5xx or network failure
ok 529 - Umami never reports success/refusal for 5xx or network failure
  ---
  duration_ms: 0.421032
  type: 'test'
  ...
# Subtest: Umami bodyless/non-JSON refusals, transfers and adblockers never break requests
ok 530 - Umami bodyless/non-JSON refusals, transfers and adblockers never break requests
  ---
  duration_ms: 0.920483
  type: 'test'
  ...
# Subtest: Umami shared response boundary owns verb tracking and former bare-fetch paths
ok 531 - Umami shared response boundary owns verb tracking and former bare-fetch paths
  ---
  duration_ms: 1.714781
  type: 'test'
  ...
1..531
# tests 531
# suites 0
# pass 531
# fail 0
# cancelled 0
# skipped 0
# todo 0
# duration_ms 516.265431
